284,,,,,,284
PMID,Title ,Authors,Journal,Langauge(s),Year,Url
,A multi-scale agent-based model of infectious disease transmission to assess the impact of vaccination and non-pharmaceutical interventions: The COVID-19 case,Luyao Kou,Journal of Safety Science and Resilience,,2021,https://www.sciencedirect.com/science/article/pii/S2666449621000335/pdfft?md5=462ebe27a1c9caa82fe4d30a74bfced2&pid=1-s2.0-S2666449621000335-main.pdf
,Multi-scale causality analysis between COVID-19 cases and mobility level using ensemble empirical mode decomposition and causal decomposition,Jung-Hoon Cho,Physica A: Statistical Mechanics and its Applications,,2022,https://www.sciencedirect.com/science/article/pii/S0378437122003521/pdfft?md5=b6575ed809230998b2863ee966962e8c&pid=1-s2.0-S0378437122003521-main.pdf
,Towards a multi-scale computer modeling workflow for simulation of pulmonary ventilation in advanced COVID-19,Shea Middleton,Computers in Biology and Medicine,,2022,https://www.sciencedirect.com/science/article/pii/S0010482522003055/pdfft?md5=d52aed62a355d829e97b7bd4c63e8b59&pid=1-s2.0-S0010482522003055-main.pdf
,How did the COVID-19 pandemic impact urban green spaces? A multi-scale assessment of Jeddah megacity (Saudi Arabia),,Urban Forestry & Urban Greening,,2022,https://www.sciencedirect.com/science/article/pii/S161886672200036X/pdfft?md5=0f72e17338ece45cdf6f8ac4058483f3&pid=1-s2.0-S161886672200036X-main.pdf
,Scenario prediction of public health emergencies using infectious disease dynamics model and dynamic Bayes,Shan Gao,Future Generation Computer Systems,,2021,https://www.sciencedirect.com/science/article/abs/pii/S0167739X21003745
,Impact of COVID-19 outbreak on multi-scale asymmetric spillovers between food and oil prices,,Resources Policy,,2021,https://www.sciencedirect.com/science/article/pii/S0301420721003731/pdfft?md5=98b3aed7c8983e446f2d4753c72ce2b4&pid=1-s2.0-S0301420721003731-main.pdf
,Pandemic response in rural Peru: Multi-scale institutional analysis of the COVID-19 crisis,,Applied Geography,,2021,https://www.sciencedirect.com/science/article/pii/S0143622821001351/pdfft?md5=68e09cbe2c108b633a5e8834f3d4abba&pid=1-s2.0-S0143622821001351-main.pdf
,Impact of lockdown during the COVID-19 outbreak on multi-scale air quality,Casey D. Bray,Atmospheric Environment,,2021,https://www.sciencedirect.com/science/article/pii/S1352231021002053/pdfft?md5=ea9862dc199bc9b2c0d941c0f96a96df&pid=1-s2.0-S1352231021002053-main.pdf
,Endemic-epidemic models with discrete-time serial interval distributions for infectious disease prediction,Johannes Bracher,International Journal of ForecastingAvailable online,,2020,https://www.sciencedirect.com/science/article/abs/pii/S0169207020301060
,In silico prediction of silver nitrate nanoparticles and Nitrate Reductase A (NAR A) interaction in the treatment of infectious disease causing clinical strains of E. coli,Mohamed Ragab AbdelGawwad,Journal of Infection and Public Health,,2020,https://www.sciencedirect.com/science/article/pii/S187603412030602X/pdfft?md5=f6db4b09a1997f765894d7c4108c64a7&pid=1-s2.0-S187603412030602X-main.pdf
,A modified SEIR model to predict the COVID-19 outbreak in Spain and Italy: Simulating control scenarios and multi-scale epidemics,Leonardo López,Results in Physics,,2020,https://www.sciencedirect.com/science/article/pii/S2211379720321604/pdfft?md5=68d240ed624a99d1097ab185102ad49a&pid=1-s2.0-S2211379720321604-main.pdf
,Mapping community-level determinants of COVID-19 transmission in nursing homes: A multi-scale approach,Margaret M. Sugg,Science of The Total Environment,,2020,https://www.sciencedirect.com/science/article/pii/S0048969720354759/pdfft?md5=8463732d8643d235453c91c57e28ba7c&pid=1-s2.0-S0048969720354759-main.pdf
,Automatic distinction between COVID-19 and common pneumonia using multi-scale convolutional neural network on chest CT scans,,"Chaos, Solitons & Fractals",,2020,https://www.sciencedirect.com/science/article/pii/S096007792030549X/pdfft?md5=34be2d5c5200da6ece82645b66dd528a&pid=1-s2.0-S096007792030549X-main.pdf
,A hybrid multi-scale model of COVID-19 transmission dynamics to assess the potential of non-pharmaceutical interventions,Anass Bouchnita,"Chaos, Solitons & Fractals",,2020,https://www.sciencedirect.com/science/article/pii/S0960077920303404/pdfft?md5=6a11f183556b633110ec621c68da6fe3&pid=1-s2.0-S0960077920303404-main.pdf
,A personalized infectious disease risk prediction system,Retno A. Vinarti,Expert Systems with Applications,,2019,https://www.sciencedirect.com/science/article/abs/pii/S0957417419302726
,Knowledge Representation for Infectious Disease Risk Prediction System: A Literature Review,Retno Aulia Vinarti,Procedia Computer Science,,2020,https://www.sciencedirect.com/science/article/pii/S187705091931899X/pdfft?md5=a74f408e6b5e48239b29895e938288fb&pid=1-s2.0-S187705091931899X-main.pdf
,Using prediction polling for infectious disease forecasting,T. Sell,International Journal of Infectious Diseases,,2020,https://www.sciencedirect.com/science/article/pii/S1201971220317008/pdfft?md5=a669cd005d3269486fe76950ee06fa23&pid=1-s2.0-S1201971220317008-main.pdf
,"Prediction of 28-days mortality with sequential organ failure assessment (SOFA), quick SOFA (qSOFA) and systemic inflammatory response syndrome (SIRS) — A retrospective study of medical patients with acute infectious disease",Shahin Gaini,International Journal of Infectious Diseases,,2018,https://www.sciencedirect.com/science/article/pii/S1201971218345387/pdfft?md5=28031c65721a75bab1f2d05021b724b9&pid=1-s2.0-S1201971218345387-main.pdf
,Prediction of respiratory droplets evolution for safer academic facilities planning amid COVID-19 and future pandemics: A numerical approach,Jhon J. Quiñones,Journal of Building Engineering,,2022,https://www.sciencedirect.com/science/article/pii/S2352710222006064/pdfft?md5=3267e5e8ae68b1235407bbff24761475&pid=1-s2.0-S2352710222006064-main.pdf
,A new prediction model of infectious diseases with vaccination strategies based on evolutionary game theory,Qiu Li,"Chaos, Solitons & Fractals",,2017,https://www.sciencedirect.com/science/article/pii/S0960077917303156/pdfft?md5=d80eab8eb0aadb6e6f32931d31e8855e&pid=1-s2.0-S0960077917303156-main.pdf
,The accuracy of machine learning approaches using non-image data for the prediction of COVID-19: A meta-analysis,Kuang-Ming Kuo,International Journal of Medical Informatics,,2022,https://www.sciencedirect.com/science/article/pii/S1386505622001058/pdfft?md5=04d2d37006dedb56c42615c2617060cb&pid=1-s2.0-S1386505622001058-main.pdf
,"Real-Time Prediction of Mortality, Cardiac Arrest and Thromboembolic Complications in Hospitalized Patients with COVID-19",Julie K. Shade,JACC: Advances,,2022,https://www.sciencedirect.com/science/article/pii/S2772963X2200045X/pdfft?md5=b8830b93e2adc9d6a8a279106ea91b6d&pid=1-s2.0-S2772963X2200045X-main.pdf
,Assessment of plasma endocan for the prediction of mortality in COVID-19 patients undergoing veno-venous ECMO: A pilot study,C. Levy,Medicina Intensiva,,2022,https://www.sciencedirect.com/science/article/pii/S0210569122001073/pdfft?md5=2fc04fd823a35518ac5472f8ae4793a5&pid=1-s2.0-S0210569122001073-main.pdf
,Prediction of COVID-19 manipulation by selective ACE inhibitory compounds of Potentilla reptant root: In silico study and ADMET profile,Yuan Xu,Arabian Journal of Chemistry,,2022,https://www.sciencedirect.com/science/article/pii/S1878535222002581/pdfft?md5=fb7edee6fb4a5ac484463a4c1f67de17&pid=1-s2.0-S1878535222002581-main.pdf
,Early prediction of COVID-19 using ensemble of transfer learning,Pradeep Kumar Roy,Computers and Electrical Engineering,,2022,https://www.sciencedirect.com/science/article/pii/S004579062200283X/pdfft?md5=38ca8e7b703a31cd018b5d56d72be535&pid=1-s2.0-S004579062200283X-main.pdf
,A multi-task Gaussian process self-attention neural network for real-time prediction of the need for mechanical ventilators in COVID-19 patients,Kai Zhang,Journal of Biomedical Informatics,,2022,https://www.sciencedirect.com/science/article/pii/S1532046422000958/pdfft?md5=c15f164954e5a71e9afe5b534688905c&pid=1-s2.0-S1532046422000958-main.pdf
,Risk Prediction for Acute Kidney Injury in Patients Hospitalized With COVID-19,Meredith C. McAdams,Kidney Medicine,,2022,https://www.sciencedirect.com/science/article/pii/S2590059522000760/pdfft?md5=1334e973b244ebeea5d92f8091bd715d&pid=1-s2.0-S2590059522000760-main.pdf
,An Interpretable Chest CT Deep Learning Algorithm for Quantification of COVID-19 Lung Disease and Prediction of Inpatient Morbidity and Mortality,Jordan H. Chamberlin,Academic Radiology,,2022,https://www.sciencedirect.com/science/article/pii/S1076633222002008/pdfft?md5=6154df4182d3591a6adcbaf46e89e105&pid=1-s2.0-S1076633222002008-main.pdf
,"IMPACT-Global Hip Fracture Audit: Nosocomial infection, risk prediction and prognostication, minimum reporting standards and global collaborative audit: Lessons from an international multicentre study of 7,090 patients conducted in 14 nations during the COVID-19 pandemic",Andrew J. Hall,The Surgeon,,2022,https://www.sciencedirect.com/science/article/pii/S1479666X2200049X/pdfft?md5=969ed71aeff638f3b7c69058d09f32ec&pid=1-s2.0-S1479666X2200049X-main.pdf
,Towards applying internet of things and machine learning for the risk prediction of COVID-19 in pandemic situation using Naive Bayes classifier for improving accuracy,N. Deepa,Materials Today: Proceedings,,2022,https://www.sciencedirect.com/science/article/pii/S2214785322016868/pdfft?md5=e6eb02d7ae4e39f711453f2cfed6f910&pid=1-s2.0-S2214785322016868-main.pdf
,ANN-Based traffic volume prediction models in response to COVID-19 imposed measures,Mohammad Shareef Ghanim,Sustainable Cities and Society,,2022,https://www.sciencedirect.com/science/article/pii/S2210670722001573/pdfft?md5=50d38c580a226449d3c67a7d1018e5e4&pid=1-s2.0-S2210670722001573-main.pdf
,Prediction of crude oil prices in COVID-19 outbreak using real data,Öznur Öztunç Kaymak,"Chaos, Solitons & Fractals",,2022,https://www.sciencedirect.com/science/article/pii/S0960077922002004/pdfft?md5=90ee20114361a9342821afb32b5fb805&pid=1-s2.0-S0960077922002004-main.pdf
,"Aggregating human judgment probabilistic predictions of the safety, efficacy, and timing of a COVID-19 vaccine",Thomas McAndrew,Vaccine,,2022,https://www.sciencedirect.com/science/article/pii/S0264410X22002006/pdfft?md5=085cfa33647a30b4f9b566462392f24b&pid=1-s2.0-S0264410X22002006-main.pdf
,Mathematical model optimized for prediction and health care planning for COVID-19,J. M. Garrido,Medicina Intensiva,,2022,https://www.sciencedirect.com/science/article/pii/S2173572722000467/pdfft?md5=647f90875c95f98360da8eb55ea5c857&pid=1-s2.0-S2173572722000467-main.pdf
,Network pharmacology and molecular docking analysis on molecular targets and mechanism prediction of Huanglian Jiedu Decoction in the treatment of COVID-19,Xu Xinyi,Digital Chinese Medicine,,2022,https://www.sciencedirect.com/science/article/pii/S2589377722000118/pdfft?md5=d3bc9741a0248617243932f3ff63abf9&pid=1-s2.0-S2589377722000118-main.pdf
,Lung Opacity and Coronary Artery Calcium Score: A Combined Tool for Risk Stratification and Outcome Prediction in COVID-19 Patients,Vitali Koch,Academic Radiology,,2022,https://www.sciencedirect.com/science/article/pii/S1076633222001295/pdfft?md5=4b63db592cf3e27a588ea8314e3e5c20&pid=1-s2.0-S1076633222001295-main.pdf
,Predictors of COVID-19 disease severity augment the Braden scale in the prediction of pressure ulcer development among COVID-19–positive intensive care unit patients: A case-control study,Brett D. McLarney,Journal of the American Academy of Dermatology,,2022,https://www.sciencedirect.com/science/article/pii/S0190962222000998/pdfft?md5=def883a14b0a888671cb7d8bfd8f5b90&pid=1-s2.0-S0190962222000998-main.pdf
,The modified NUTRIC score (mNUTRIC) is associated with increased 28-day mortality in critically ill COVID-19 patients: Internal validation of a prediction model,Matteo Luigi Giuseppe Leoni,Clinical Nutrition,,2022,https://www.sciencedirect.com/science/article/pii/S2405457722000626/pdfft?md5=ee0fce965111883d20cdaf38597c64df&pid=1-s2.0-S2405457722000626-main.pdf
,Estimating changes in air pollutant levels due to COVID-19 lockdown measures based on a business-as-usual prediction scenario using data mining models: A case-study for urban traffic sites in Spain,Jaime González-Pardo,Science of The Total Environment,,2022,https://www.sciencedirect.com/science/article/pii/S0048969722008786/pdfft?md5=b6d4b455eb2202bcb9eaef0b5626d6bf&pid=1-s2.0-S0048969722008786-main.pdf
,Temporal deep learning architecture for prediction of COVID-19 cases in India,Hanuman Verma,Expert Systems with Applications,,2022,https://www.sciencedirect.com/science/article/pii/S0957417422001038/pdfft?md5=e2a2258ef200e248e96e49c108fa9d84&pid=1-s2.0-S0957417422001038-main.pdf
,"Virtual screening, ADMET profiling, PASS prediction, and bioactivity studies of potential inhibitory roles of alkaloids, phytosterols, and flavonoids against COVID-19 main protease (Mpro)",Misbaudeen Abdul-Hammed,Natural Product Research,,2022,https://www.sciencedirect.com/org/science/article/abs/pii/S1478641922047556
,An efficient hardware architecture based on an ensemble of deep learning models for COVID -19 prediction,Sakthivel R,Sustainable Cities and Society,,2022,https://www.sciencedirect.com/science/article/pii/S2210670722000452/pdfft?md5=9d8fdde951128ea147ee06eac88f9abf&pid=1-s2.0-S2210670722000452-main.pdf
,Development of severity and mortality prediction models for covid-19 patients at emergency department including the chest x-ray,P. Calvillo-Batllés,Radiología,,2022,https://www.sciencedirect.com/science/article/pii/S2173510722000222/pdfft?md5=0621a7931ebc1f95573b6ed2240d4624&pid=1-s2.0-S2173510722000222-main.pdf
,Can we reliably automate clinical prognostic modelling? A retrospective cohort study for ICU triage prediction of in-hospital mortality of COVID-19 patients in the Netherlands,I. Vagliano,International Journal of Medical Informatics,,2022,https://www.sciencedirect.com/science/article/pii/S1386505622000028/pdfft?md5=b463278d2175c538730243f333c5d321&pid=1-s2.0-S1386505622000028-main.pdf
,Black swan event small-sample transfer learning (BEST-L) and its case study on electrical power prediction in COVID-19,Chenxi Hu,Applied Energy,,2022,https://www.sciencedirect.com/science/article/abs/pii/S0306261921016834
,Prediction intervals of the COVID-19 cases by HAR models with growth rates and vaccination rates in top eight affected countries: Bootstrap improvement,Eunju Hwang,"Chaos, Solitons & Fractals",,2022,https://www.sciencedirect.com/science/article/pii/S0960077921011425/pdfft?md5=f2f18ff94443e3bfe9ad8d5bf04964db&pid=1-s2.0-S0960077921011425-main.pdf
,"Perception, Prevalence, and Prediction of Severe Infection and Post-acute Sequelae of COVID-19",Dacre R. T. Knight,The American Journal of the Medical Sciences,,2022,https://www.sciencedirect.com/science/article/pii/S0002962922000027/pdfft?md5=e691843076e31d0bd828247154a10afd&pid=1-s2.0-S0002962922000027-main.pdf
,"Clinical prediction model for mortality of adult diabetes inpatients with COVID-19 in Wuhan, China: A retrospective pilot study",Minghua Su,Journal of Clinical Anesthesia,,2020,https://www.sciencedirect.com/science/article/pii/S0952818020308783/pdfft?md5=9044ad7f6df7d692384a53ad2655482e&pid=1-s2.0-S0952818020308783-main.pdf
,A novel scoring system in mortality prediction of severe patients with COVID-19,Anwen Shao,EClinicalMedicine,,2020,https://www.sciencedirect.com/science/article/pii/S2589537020301942/pdfft?md5=27eb7eb7642e09863a8a16d801b7be55&pid=1-s2.0-S2589537020301942-main.pdf
,Circulating levels of GDF-15 and calprotectin for prediction of in-hospital mortality in COVID-19 patients: A case series,Luis García de Guadiana Romualdo,Journal of Infection,,2020,https://www.sciencedirect.com/science/article/pii/S0163445320305430/pdfft?md5=1c711a39faca8e0ddddc924393808ecb&pid=1-s2.0-S0163445320305430-main.pdf
,Prédiction de la sévérité de la COVID-19 par les biomarqueurs du syndrome de relargage cytokinique au sein d’une population de transplantés rénaux,I. Benotmane,Néphrologie & Thérapeutique,,2020,https://www.sciencedirect.com/science/article/pii/S176972552030153X/pdfft?md5=485e1b9b03c7d8b5abcbc73e3c4987d8&pid=1-s2.0-S176972552030153X-main.pdf
,Prediction models for COVID-19 clinical decision making,Artuur M Leeuwenberg,The Lancet Digital Health,,2020,https://www.sciencedirect.com/science/article/pii/S2589750020302260/pdfft?md5=806a4dc0fa2f151efd06fc69808ca385&pid=1-s2.0-S2589750020302260-main.pdf
,A quick prediction tool for unfavourable outcome in COVID-19 inpatients: Development and internal validation,Sonsoles Salto-Alejandre,Journal of Infection,,2020,https://www.sciencedirect.com/science/article/pii/S0163445320306198/pdfft?md5=7b59e86f5d3b3016813bf7d9d59c0455&pid=1-s2.0-S0163445320306198-main.pdf
,Corrigendum to “Effect of weather on COVID-19 spread in the US: A prediction model for India in 2020” [Sci. Total Environ. 728 (2020) 1–8/138860],Sonal Gupta,Science of The Total Environment,,2020,https://www.sciencedirect.com/science/article/pii/S0048969720361064/pdfft?md5=d4542a1bc376878b279427f0ef09390f&pid=1-s2.0-S0048969720361064-main.pdf
,Outcome prediction by serum calprotectin in patients with COVID-19 in the emergency department,Wolfgang Bauer,Journal of Infection,,2020,https://www.sciencedirect.com/science/article/pii/S0163445320307118/pdfft?md5=71029ea199de63be151fe8c1489690f2&pid=1-s2.0-S0163445320307118-main.pdf
,Prediction of COVID-19 Mortality in Patients with Cancer,Simon Mantha,Blood,,2020,https://www.sciencedirect.com/science/article/pii/S0006497118734393/pdfft?md5=2e73f3b940242941fab2e77bdc6a1c1e&pid=1-s2.0-S0006497118734393-main.pdf
,Letter to the Editor – in response to: Cardiac injury prediction and lymphocyte immunity and inflammation analysis in hospitalized patients with coronavirus disease 2019 (COVID-19),Alexander Tan,International Journal of Cardiology,,2020,https://www.sciencedirect.com/science/article/pii/S0167527320342170/pdfft?md5=97569f2a55775bdc2e6bd218b1ddb605&pid=1-s2.0-S0167527320342170-main.pdf
,Application of the delirium risk prediction model in the TED ICU smart intensive care system during the current COVID-19 pandemic,Mu-Hsing Ho,Intensive and Critical Care Nursing,,2020,https://www.sciencedirect.com/science/article/pii/S096433972030210X/pdfft?md5=b986ef1d6a584c6a231ad45d6c28ecac&pid=1-s2.0-S096433972030210X-main.pdf
,Developing a multivariable risk prediction model to predict prolonged viral clearance in patients with COVID-19,Ying Liu,Journal of Infection31,,2020,https://www.sciencedirect.com/science/article/pii/S0163445320307878/pdfft?md5=c8490ca92c9e2c6cd47c478355e33b59&pid=1-s2.0-S0163445320307878-main.pdf
,20: Forecast and prediction of COVID-19 using machine learning,Data Science for COVID-1921,Data Science for COVID-1921,,2021,https://www.sciencedirect.com/science/article/pii/B9780128245361000277/pdfft?md5=19a864c85fbe2fa46c747374a2ba856e&pid=3-s2.0-B9780128245361000277-main.pdf
,23: A demystifying convolutional neural networks using Grad-CAM for prediction of coronavirus disease (COVID-19) on X-ray images,C. V. Aravinda,Data Science for COVID-1921,,2021,https://www.sciencedirect.com/science/article/pii/B978012824536100037X/pdfft?md5=45eee42d5b89a940fa5f2e941dc6bbdc&pid=3-s2.0-B978012824536100037X-main.pdf
,8: Statistical machine learning forecasting simulation for discipline prediction and cost estimation of COVID-19 pandemic,Papri Ghosh,Data Science for COVID-1922,,2021,https://www.sciencedirect.com/science/article/pii/B9780128245361000198/pdfft?md5=904774f675ec65893ece57be4de4e28e&pid=3-s2.0-B9780128245361000198-main.pdf
,Outcome prediction based on initial CT scan in COVID-19,Bardia Khosravi,Heart & Lung,,2021,https://www.sciencedirect.com/science/article/pii/S0147956321000133/pdfft?md5=b7f8682ee555f3365e152ff98b6c2cf9&pid=1-s2.0-S0147956321000133-main.pdf
,Improving clinical management of COVID-19: the role of prediction models,Laure Wynants,The Lancet Respiratory Medicine,,2021,https://www.sciencedirect.com/science/article/pii/S2213260021000060/pdfft?md5=98ffee326002470e0d3c7c6497d6f70d&pid=1-s2.0-S2213260021000060-main.pdf
,Reply to Letter to the Editor - in response to: Cardiac injury prediction and lymphocyte immunity and inflammation analysis in hospitalized patients with coronavirus disease 2019 (COVID-19),Wenqian Zhou,International Journal of Cardiology,,2021,https://www.sciencedirect.com/science/article/pii/S0167527321000942/pdfft?md5=b699b54d746f86169da6224696bd1dbe&pid=1-s2.0-S0167527321000942-main.pdf
,Predictions of cancer mortality in Europe in 2021: room for hope in the shadow of COVID-19?,J. M. Martin-Moreno,Annals of Oncology,,2021,https://www.sciencedirect.com/science/article/pii/S0923753421001046/pdfft?md5=eb7f8e43dd2ec6e7a97fb0bb76fc34fc&pid=1-s2.0-S0923753421001046-main.pdf
,Response to Zhou et al. regarding Cardiac injury prediction and lymphocyte immunity and inflammation analysis in hospitalized patients with coronavirus disease 2019 (COVID-19),Alexander Tan,International Journal of Cardiology,,2021,https://www.sciencedirect.com/science/article/pii/S0167527321003612/pdfft?md5=5026aaac488a658d4a40e188c93d96c4&pid=1-s2.0-S0167527321003612-main.pdf
,"Fr491 MULTIVARIABLE PREDICTION MODELS FOR HOSPITALIZATION, VENTILATION, AND DEATH FROM COVID-19 IN IBD PATIENTS",John Sperger,Gastroenterology,,2021,https://www.sciencedirect.com/science/article/pii/S0016508521015122/pdfft?md5=744a6ae3fb036a5a064f432cff0befb5&pid=1-s2.0-S0016508521015122-main.pdf
,Wide QRS Complex and Left Ventricular Lateral Repolarization Abnormality: The Importance of ECG Markers on Outcome Prediction in Patients with COVID-19,Osmar Antonio Centurión,The American Journal of the Medical Sciences,,2021,https://www.sciencedirect.com/science/article/pii/S000296292100135X/pdfft?md5=680d1f07769592cbf9ecccf4159b3dd7&pid=1-s2.0-S000296292100135X-main.pdf
,Potential multicollinearity among NLR and other variables in the prediction model for the COVID-19 mortality,Akinori Higaki,The American Journal of Emergency Medicine,,2021,https://www.sciencedirect.com/science/article/pii/S0735675721003545/pdfft?md5=10e60e3c716ac5e187adbc029cd4271a&pid=1-s2.0-S0735675721003545-main.pdf
,PATIENT-SPECIFIC COVID-19 RESOURCE UTILIZATION PREDICTION USING FUSION AI MODEL,Amara Tariq,Journal of the American College of Cardiology,,2021,https://www.sciencedirect.com/science/article/pii/S0735109721045496/pdfft?md5=15646c6d2e4c2003c98bbecb0cdf3a60&pid=1-s2.0-S0735109721045496-main.pdf
,The Prediction of the Epidemic Trend of COVID-19 Using Neural Networks,Jing Yang,IFAC-PapersOnLine,,2020,https://www.sciencedirect.com/science/article/pii/S2405896321003293/pdfft?md5=7d58ec1a6dfc2dd147d4b5e8a8d2469e&pid=1-s2.0-S2405896321003293-main.pdf
,Prédiction de la gravité de la COVID-19 à l’admission à l’aide du Score NEWS2 : étude transversale au Maroc,A. Touré,Revue d'Épidémiologie et de Santé Publique,,2021,https://www.sciencedirect.com/science/article/pii/S0398762021001887/pdfft?md5=53eeb6cfd5ff26f918c55bd37311e432&pid=1-s2.0-S0398762021001887-main.pdf
,Calcul de taille d’étude pour le développement d’un modèle de prédiction d’une aggravation d’une forme légère de COVID-19,J. Asselineau,Revue d'Épidémiologie et de Santé Publique,,2021,https://www.sciencedirect.com/science/article/pii/S039876202100081X/pdfft?md5=955449d82a7c17241b89cfeb79b8a5c6&pid=1-s2.0-S039876202100081X-main.pdf
,Prediction of the final size for COVID-19 epidemic using machine learning: A case study of Egypt,Lamiaa A. Amar,Infectious Disease Modelling,,2020,https://www.sciencedirect.com/science/article/pii/S2468042720300385/pdfft?md5=e3925a06827e9e7b8839805f95d4b29d&pid=1-s2.0-S2468042720300385-main.pdf
,Propagation analysis and prediction of the COVID-19,Lixiang Li,Infectious Disease Modelling,,2020,https://www.sciencedirect.com/science/article/pii/S2468042720300087/pdfft?md5=7c367839b48b23d210a45e1eaa581604&pid=1-s2.0-S2468042720300087-main.pdf
,Similarity maps and pairwise predictions for transmission dynamics of COVID-19 with neural networks,Pitoyo Hartono,Informatics in Medicine Unlocked,,2020,https://www.sciencedirect.com/science/article/pii/S2352914820302689/pdfft?md5=153715eb8eb9fea342e64a8270a8be44&pid=1-s2.0-S2352914820302689-main.pdf
,COVID-19 in Bangladesh: A Deeper Outlook into The Forecast with Prediction of Upcoming Per Day Cases Using Time Series,Abu Kaisar Mohammad Masum,Procedia Computer Science,,2020,https://www.sciencedirect.com/science/article/pii/S1877050920324054/pdfft?md5=650b98cb4fd268d1c9109e6678d40166&pid=1-s2.0-S1877050920324054-main.pdf
,Prediction of COVID-19 Individual Susceptibility using Demographic Data: A Case Study on Saudi Arabia,Alhanoof Althnian,Procedia Computer Science,,2020,https://www.sciencedirect.com/science/article/pii/S187705092032319X/pdfft?md5=56e2d690b6a6bdfaa9325e654f8d7997&pid=1-s2.0-S187705092032319X-main.pdf
,Prediction of the COVID-19 spread in Russia based on SIR and SEIR models of epidemics,Dmitry A. Tomchin,IFAC-PapersOnLine,,2020,https://www.sciencedirect.com/science/article/pii/S240589632100375X/pdfft?md5=e6db88884576373bddf063ee2906e044&pid=1-s2.0-S240589632100375X-main.pdf
,Potential of age distribution profiles for the prediction of COVID-19 infection origin in a patient group,Shandar Ahmad,Informatics in Medicine Unlocked,,2020,https://www.sciencedirect.com/science/article/pii/S235291482030263X/pdfft?md5=81d02f044a12152b477575db723701ff&pid=1-s2.0-S235291482030263X-main.pdf
,Real-time estimation and prediction of the mortality caused due to COVID-19 using particle swarm optimization and finding the most influential parameter,Rahul G. Makade,Infectious Disease Modelling,,2020,https://www.sciencedirect.com/science/article/pii/S2468042720300488/pdfft?md5=d046ec57c8dbaba49afb95e0a8cb36a7&pid=1-s2.0-S2468042720300488-main.pdf
,Comment on “Estimation of COVID-19 dynamics “on a back-of-envelope”: Does the simplest SIR model provide quantitative parameters and predictions?”,S. Rojas,"Chaos, Solitons & Fractals: X",,2020,https://www.sciencedirect.com/science/article/pii/S2590054420300282/pdfft?md5=8b81780c26e9f03d030a1359f45cae0b&pid=1-s2.0-S2590054420300282-main.pdf
,Commentary: Model prediction versus real-world outcomes of transcatheter aortic valve replacement during the coronavirus disease 2019 (COVID-19) pandemic,Joao Roberto Breda,JTCVS Open,,2021,https://www.sciencedirect.com/science/article/pii/S2666273621001662/pdfft?md5=878158a407725809d28cf7c013f0ede5&pid=1-s2.0-S2666273621001662-main.pdf
,Third wave of COVID-19 in India: Prediction and preparedness,Om Prakash Choudhary,Journal of the Formosan Medical Association,,2021,https://www.sciencedirect.com/science/article/pii/S0929664621002916/pdfft?md5=a96bdae63c33c0da209e2b54fb2afd88&pid=1-s2.0-S0929664621002916-main.pdf
,COVID-19 spike-host cell receptor GRP78 binding site prediction,Ibrahim M. Ibrahim,Journal of Infection,,2020,https://www.sciencedirect.com/science/article/pii/S0163445320301079/pdfft?md5=888a3943506bc0c0c1abbc6482869c1d&pid=1-s2.0-S0163445320301079-main.pdf
,Real-time estimation and prediction of mortality caused by COVID-19 with patient information based algorithm,Lishi Wang,Science of The Total Environment,,2020,https://www.sciencedirect.com/science/article/pii/S0048969720319070/pdfft?md5=267db266df5fa3d3b7e27b71e48f094a&pid=1-s2.0-S0048969720319070-main.pdf
,Prediction for the spread of COVID-19 in India and effectiveness of preventive measures,Anuradha Tomar,Science of The Total Environment,,2020,https://www.sciencedirect.com/science/article/pii/S0048969720322798/pdfft?md5=b778bb2af18d4248b123a5660edab0e7&pid=1-s2.0-S0048969720322798-main.pdf
,"Evaluation and prediction of the COVID-19 variations at different input population and quarantine strategies, a case study in Guangdong province, China",Zengyun Hu,International Journal of Infectious Diseases,,2020,https://www.sciencedirect.com/science/article/pii/S1201971220302265/pdfft?md5=207030b33866f5833fa9d0464905a669&pid=1-s2.0-S1201971220302265-main.pdf
,B-YIA1-03 DEVELOPMENT AND VALIDATION OF A MULTI-VARIABLE MODEL FOR REAL-TIME PREDICTION OF CARDIAC ARREST AND OTHER CARDIOVASCULAR (CV) COMPLICATIONS IN HOSPITALIZED PATIENTS WITH COVID-19,Julie K. Shade,Heart Rhythm,,2021,https://www.sciencedirect.com/science/article/pii/S1547527121006780/pdfft?md5=e608f925a724462d54e529d87c6e1207&pid=1-s2.0-S1547527121006780-main.pdf
,Effect of weather on COVID-19 spread in the US: A prediction model for India in 2020,Sonal Gupta,Science of The Total Environment,,2020,https://www.sciencedirect.com/science/article/pii/S0048969720323779/pdfft?md5=b02af460bb62fb25b11cd802fdbec048&pid=1-s2.0-S0048969720323779-mainext.pdf
,"Prediction of the COVID-19 spread in African countries and implications for prevention and control: A case study in South Africa, Egypt, Algeria, Nigeria, Senegal and Kenya",Zebin Zhao,Science of The Total Environment,,2020,https://www.sciencedirect.com/science/article/pii/S0048969720324761/pdfft?md5=d354ea2a566bbb869d2c700dc7bfc6f1&pid=1-s2.0-S0048969720324761-main.pdf
,Modeling and prediction of COVID-19 in Mexico applying mathematical and computational models,O. Torrealba-Rodriguez,"Chaos, Solitons & Fractals",,2020,https://www.sciencedirect.com/science/article/pii/S0960077920303453/pdfft?md5=f4914788bcc66dd14fee1b645b6f5b36&pid=1-s2.0-S0960077920303453-main.pdf
,Estimation of COVID-19 dynamics “on a back-of-envelope”: Does the simplest SIR model provide quantitative parameters and predictions?,Eugene B. Postnikov,"Chaos, Solitons & Fractals",,2020,https://www.sciencedirect.com/science/article/pii/S0960077920302411/pdfft?md5=07dfcc6a24d37e5e06e314b1c0b93194&pid=1-s2.0-S0960077920302411-main.pdf
,On the uncertainty of real-time predictions of epidemic growths: A COVID-19 case study for China and Italy,Tommaso Alberti,Communications in Nonlinear Science and Numerical Simulation,,2020,https://www.sciencedirect.com/science/article/pii/S1007570420302045/pdfft?md5=6dbdbc3fe64d42af0dbaca14081cac14&pid=1-s2.0-S1007570420302045-main.pdf
,A model based study on the dynamics of COVID-19: Prediction and control,Manotosh Mandal,"Chaos, Solitons & Fractals",,2020,https://www.sciencedirect.com/science/article/pii/S0960077920302897/pdfft?md5=8901ed273b877902b10eb7cc119bbb0e&pid=1-s2.0-S0960077920302897-main.pdf
,"Virtual screening, ADME/Tox predictions and the drug repurposing concept for future use of old drugs against the COVID-19",Lorane Izabel da Silva Hage-Melim,Life Sciences,,2020,https://www.sciencedirect.com/science/article/pii/S002432052030713X/pdfft?md5=8b4070c38ac5e2387c38a9fdfd7f7579&pid=1-s2.0-S002432052030713X-main.pdf
,Time series prediction of COVID-19 by mutation rate analysis using recurrent neural network-based LSTM model,Refat Khan Pathan,"Chaos, Solitons & Fractals",,2020,https://www.sciencedirect.com/science/article/pii/S0960077920304161/pdfft?md5=46b6ea98c9691a37c65b8e9e79ce7d9f&pid=1-s2.0-S0960077920304161-main.pdf
,"Prediction of CoVid-19 infection, transmission and recovery rates: A new analysis and global societal comparisons",Romney B. Duffey,Safety Science,,2020,https://www.sciencedirect.com/science/article/pii/S0925753520302514/pdfft?md5=b75e11762b19193fa4100394e4876462&pid=1-s2.0-S0925753520302514-main.pdf
,Influenza and anosmia: Important prediction factors for severity and death of COVID-19,Doo Hwan Kim,Journal of Infection,,2021,https://www.sciencedirect.com/science/article/pii/S0163445321004138/pdfft?md5=2edd24d75043cae4d20be0aa8a407297&pid=1-s2.0-S0163445321004138-main.pdf
,Forecasting the spread of the COVID-19 pandemic in Saudi Arabia using ARIMA prediction model under current public health interventions,Saleh I. Alzahrani,Journal of Infection and Public Health,,2020,https://www.sciencedirect.com/science/article/pii/S1876034120304937/pdfft?md5=1d37d495c09dbff81a7b147b1f01a421&pid=1-s2.0-S1876034120304937-main.pdf
,Evaluation and prediction of COVID-19 in India: A case study of worst hit states,Danish Rafiq,"Chaos, Solitons & Fractals",,2020,https://www.sciencedirect.com/science/article/pii/S0960077920304124/pdfft?md5=3d8ffb6f26777d8c6ae11c779a4b77d7&pid=1-s2.0-S0960077920304124-main.pdf
,Modeling and prediction of COVID-19 pandemic using Gaussian mixture model,Amit Singhal,"Chaos, Solitons & Fractals",,2020,https://www.sciencedirect.com/science/article/pii/S0960077920304215/pdfft?md5=cf819ecfc563e1163c6c9196821941d1&pid=1-s2.0-S0960077920304215-main.pdf
,Partial derivative Nonlinear Global Pandemic Machine Learning prediction of COVID 19,Durga Prasad Kavadi,"Chaos, Solitons & Fractals",,2020,https://www.sciencedirect.com/science/article/pii/S0960077920304537/pdfft?md5=b7df6218fb3dd909b0fb3c9d2ef25cd4&pid=1-s2.0-S0960077920304537-main.pdf
,Prediction and analysis of COVID-19 positive cases using deep learning models: A descriptive case study of India,Parul Arora,"Chaos, Solitons & Fractals",,2020,https://www.sciencedirect.com/science/article/pii/S096007792030415X/pdfft?md5=41348cc19a3aeb29b0ecddde4f592d85&pid=1-s2.0-S096007792030415X-main.pdf
,The modified NUTRIC score can be used for nutritional risk assessment as well as prognosis prediction in critically ill COVID-19 patients,Ping Zhang,Clinical Nutrition,,2020,https://www.sciencedirect.com/science/article/pii/S0261561420302880/pdfft?md5=0597a3e824769fd3f2e30cd356ec027b&pid=1-s2.0-S0261561420302880-main.pdf
,Analytics and Prediction Modeling During the COVID-19 Pandemic,Douglas W. Challener,Mayo Clinic Proceedings,,2020,https://www.sciencedirect.com/science/article/pii/S002561962030639X/pdfft?md5=d0416c73be9329b1cd8bdb6d5d8bbbb6&pid=1-s2.0-S002561962030639X-main.pdf
,When COVID-19 will decline in India? Prediction by combination of recovery and case load rate,Atanu Bhattacharjee,Clinical Epidemiology and Global Health,,2020,https://www.sciencedirect.com/science/article/pii/S2213398420301615/pdfft?md5=51cf729772cf334f0a0b536296245633&pid=1-s2.0-S2213398420301615-main.pdf
,Prediction of epidemic trends in COVID-19 with logistic model and machine learning technics,Peipei Wang,"Chaos, Solitons & Fractals",,2020,https://www.sciencedirect.com/science/article/pii/S0960077920304550/pdfft?md5=df790bb7cd10f4edede3d8e38325016b&pid=1-s2.0-S0960077920304550-main.pdf
,ARIMA and NAR based prediction model for time series analysis of COVID-19 cases in India,Farhan Mohammad Khan,Journal of Safety Science and Resilience,,2020,https://www.sciencedirect.com/science/article/pii/S2666449620300074/pdfft?md5=0232f50a70cfe2753299d6db15e2efda&pid=1-s2.0-S2666449620300074-main.pdf
,An epidemic model SIPHERD and its application for prediction of the spread of COVID-19 infection in India,Ashutosh Mahajan,"Chaos, Solitons & Fractals",,2020,https://www.sciencedirect.com/science/article/pii/S096007792030552X/pdfft?md5=d4b632eed23b6224b950a6542f9a5831&pid=1-s2.0-S096007792030552X-main.pdf
,Prediction of new active cases of coronavirus disease (COVID-19) pandemic using multiple linear regression model,Smita Rath,Diabetes & Metabolic Syndrome: Clinical Research & Reviews,,2020,https://www.sciencedirect.com/science/article/pii/S1871402120302939/pdfft?md5=a87cdc8cb9a0cc12870735e0c334a2f8&pid=1-s2.0-S1871402120302939-main.pdf
,Data-driven modelling and prediction of COVID-19 infection in India and correlation analysis of the virus transmission with socio-economic factors,Amit Kumar,Diabetes & Metabolic Syndrome: Clinical Research & Reviews,,2020,https://www.sciencedirect.com/science/article/pii/S187140212030254X/pdfft?md5=2888738da6caf0931d4e6065a3876343&pid=1-s2.0-S187140212030254X-main.pdf
,Occurrence of backward bifurcation and prediction of disease transmission with imperfect lockdown: A case study on COVID-19,Sk Shahid Nadim,"Chaos, Solitons & Fractals",,2020,https://www.sciencedirect.com/science/article/pii/S0960077920305592/pdfft?md5=464a300cc9d9510e3c7e9c4e9deba8fc&pid=1-s2.0-S0960077920305592-main.pdf
,Machine-Learning Approaches in COVID-19 Survival Analysis and Discharge-Time Likelihood Prediction Using Clinical Data,Mohammadreza Nemati,Patterns,,2020,https://www.sciencedirect.com/science/article/pii/S2666389920300945/pdfft?md5=df7b546dac4409d25e9a46b672ecc57c&pid=1-s2.0-S2666389920300945-main.pdf
,"Psychological distress associated with COVID-19 quarantine: Latent profile analysis, outcome prediction and mediation analysis",Rodrigo S. Fernández,Journal of Affective Disorders,,2020,https://www.sciencedirect.com/science/article/pii/S0165032720325866/pdfft?md5=f52777d60abc40fae1e74786513193b9&pid=1-s2.0-S0165032720325866-main.pdf
,Model for prediction of death rate due to COVID-19 transmission and required precautions,Atul P. Singh,Materials Today: Proceedings,,2020,https://www.sciencedirect.com/science/article/pii/S2214785320358582/pdfft?md5=b896ff7091f482f879b8a9dd5b38744a&pid=1-s2.0-S2214785320358582-main.pdf
,"Predictions for COVID-19 with deep learning models of LSTM, GRU and Bi-LSTM",Farah Shahid,"Chaos, Solitons & Fractals",,2020,https://www.sciencedirect.com/science/article/pii/S0960077920306081/pdfft?md5=9112a488f3a4e5470574c553f86e79b6&pid=1-s2.0-S0960077920306081-main.pdf
,Making waves: Wastewater-based epidemiology for COVID-19 – approaches and challenges for surveillance and prediction,David Polo,Water Research,,2020,https://www.sciencedirect.com/science/article/pii/S0043135420309398/pdfft?md5=19aa5313b998202c15e9cfd936e9bc85&pid=1-s2.0-S0043135420309398-main.pdf
,APACHE II SCORE AND MORTALITY RISK PREDICTION IN A US (CALIFORNIAN) COHORT OF CRITICALLY ILL PATIENTS WITH COVID-19,LOUIE CAO,Chest,,2021,https://www.sciencedirect.com/science/article/pii/S0012369221024089/pdfft?md5=5058c29ebd1c6d98106ca64b1b6f8cb7&pid=1-s2.0-S0012369221024089-main.pdf
,VV-ECMO IN PATIENTS WITH COVID-19: SURVIVAL PREDICTION SCORE COMPARISON,ROSHAN SHAH,Chest,,2021,https://www.sciencedirect.com/science/article/pii/S0012369221024946/pdfft?md5=2dfc6a4e7edcfb7a5edc2cdea1e86ea9&pid=1-s2.0-S0012369221024946-main.pdf
,"COMPARISON OF SIRS CRITERIA, QSOFA SCORE, AND A COMBINATION OF BOTH FOR THE DIAGNOSIS OF SEPSIS AND PREDICTION OF MORTALITY IN HOSPITALIZED ADULT PATIENTS WITH COVID-19",JUNFENG XUE,Chest,,2021,https://www.sciencedirect.com/science/article/pii/S0012369221019516/pdfft?md5=b0ffcc2176ea00b244af708e78908dd8&pid=1-s2.0-S0012369221019516-main.pdf
,Generated time-series prediction data of COVID-19′s daily infections in Brazil by using recurrent neural networks,Mohamed Hawas,Data in Brief,,2020,https://www.sciencedirect.com/science/article/pii/S2352340920310696/pdfft?md5=bc84421f2f309a4addc045a30fa91d12&pid=1-s2.0-S2352340920310696-main.pdf
,Global prediction system for COVID-19 pandemic,Jianping Huang,Science Bulletin,,2020,https://www.sciencedirect.com/science/article/pii/S2095927320305235/pdfft?md5=21b13f167f6b25c7a42975f0f59a7ae9&pid=1-s2.0-S2095927320305235-main.pdf
,Prediction of emergency department volume and severity during a novel virus pandemic: Experience from the COVID-19 pandemic,Hsiang-Yun Lo,The American Journal of Emergency Medicine,,2020,https://www.sciencedirect.com/science/article/pii/S0735675720306793/pdfft?md5=5261773b8e1f4c49bb61de3eb5e209fd&pid=1-s2.0-S0735675720306793-main.pdf
,Chemical-informatics approach to COVID-19 drug discovery: Exploration of important fragments and data mining based prediction of some hits from natural origins as main protease (Mpro) inhibitors,Kalyan Ghosh,Journal of Molecular Structure,,2020,https://www.sciencedirect.com/science/article/pii/S0022286020313491/pdfft?md5=52fe626b5bc21b673ef119c145d278a5&pid=1-s2.0-S0022286020313491-main.pdf
,Prediction of respiratory decompensation in Covid-19 patients using machine learning: The READY trial,Hoyt Burdick,Computers in Biology and Medicine,,2020,https://www.sciencedirect.com/science/article/pii/S0010482520302845/pdfft?md5=d4634ad5315b74c4e92e3d3ee4c81f17&pid=1-s2.0-S0010482520302845-main.pdf
,"Time series prediction for the epidemic trends of COVID-19 using the improved LSTM deep learning method: Case studies in Russia, Peru and Iran",Peipei Wang,"Chaos, Solitons & Fractals",,2020,https://www.sciencedirect.com/science/article/pii/S096007792030610X/pdfft?md5=1ae584415851017a5b3bc1b4c806945d&pid=1-s2.0-S096007792030610X-main.pdf
,Development and validation of risk prediction models for COVID-19 positivity in a hospital setting,Ming-Yen Ng,International Journal of Infectious Diseases,,2020,https://www.sciencedirect.com/science/article/pii/S1201971220307384/pdfft?md5=9afcf4e9b297d2a2e1c0433463f3995b&pid=1-s2.0-S1201971220307384-main.pdf
,Study conclude that routinely monitoring of sputum viral load in severe COVID-19 patients may be beneficial for development of infection control guidelines and prediction of prognosis: We are not sure!,Patrick M. Honore,Journal of Critical Care,,2021,https://www.sciencedirect.com/science/article/pii/S088394412100229X/pdfft?md5=fb850a971d570333458010c98ec04580&pid=1-s2.0-S088394412100229X-main.pdf
,Autonomic Dysfunction in COVID-19: Early Detection and Prediction Using Heart Rate Variability,Zain I. Khalpey,Journal of the American College of Surgeons,,2021,https://www.sciencedirect.com/science/article/pii/S1072751521013053/pdfft?md5=f5e15ab3f624bd3dbb018fb6feb6ae8f&pid=1-s2.0-S1072751521013053-main.pdf
,Integrative analysis for COVID-19 patient outcome prediction,Hanqing Chao,Medical Image Analysis,,2020,https://www.sciencedirect.com/science/article/pii/S1361841520302085/pdfft?md5=e816f7eae7e07774a1847963c7010390&pid=1-s2.0-S1361841520302085-main.pdf
,Analysis of ‘earlyR’ epidemic model and time series model for prediction of COVID-19 registered cases,Karthick Kanagarathinam,Materials Today: Proceedings,,2020,https://www.sciencedirect.com/science/article/pii/S2214785320376537/pdfft?md5=c9655c4549116d0b5d6417a9c714023c&pid=1-s2.0-S2214785320376537-main.pdf
,Response to letter “Study conclude that routinely monitoring of sputum viral load in severe COVID-19 patients may be beneficial for development of infection control guidelines and prediction of prognosis: We are not sure!”,Esther M. van Wezel,Journal of Critical Care,,2021,https://www.sciencedirect.com/science/article/pii/S0883944121002264/pdfft?md5=47b2b357d38b900ba3651856eff2646e&pid=1-s2.0-S0883944121002264-main.pdf
,Silent Hypoxia in Covid-19: A Machine Learning Algorithm for Early Prediction,Zain I. Khalpey,Journal of the American College of Surgeons,,2021,https://www.sciencedirect.com/science/article/pii/S1072751521017634/pdfft?md5=d43243fdfe090b8cb68dbb99e2cd2cf2&pid=1-s2.0-S1072751521017634-main.pdf
,Can COVID-19 symptoms as reported in a large-scale online survey be used to optimise spatial predictions of COVID-19 incidence risk in Belgium?,Thomas Neyens,Spatial and Spatio-temporal Epidemiology,,2020,https://www.sciencedirect.com/science/article/pii/S1877584520300575/pdfft?md5=9d55d9c6c578fd6f7da75d49d327f872&pid=1-s2.0-S1877584520300575-main.pdf
,"Mortality prediction model for the triage of COVID-19, pneumonia, and mechanically ventilated ICU patients: A retrospective study",Logan Ryan,Annals of Medicine and Surgery,,2020,https://www.sciencedirect.com/science/article/pii/S2049080120303496/pdfft?md5=9e6aca3f96cfb64b7ab961f3e20af3f0&pid=1-s2.0-S2049080120303496-main.pdf
,Cardiac injury prediction and lymphocyte immunity and inflammation analysis in hospitalized patients with coronavirus disease 2019 (COVID-19),Wenqian Zhou,International Journal of Cardiology,,2020,https://www.sciencedirect.com/science/article/pii/S016752732034002X/pdfft?md5=fcbfbcb6853e7c992c0fa93af2e0bbad&pid=1-s2.0-S016752732034002X-main.pdf
,Biomarkers for the prediction of venous thromboembolism in critically ill COVID-19 patients,Romein W. G. Dujardin,Thrombosis Research,,2020,https://www.sciencedirect.com/science/article/pii/S0049384820305211/pdfft?md5=ec50188df712c948f623d27e34beb843&pid=1-s2.0-S0049384820305211-main.pdf
,Comparing the accuracy of several network-based COVID-19 prediction algorithms,Massimo A. Achterberg,International Journal of Forecasting,,2020,https://www.sciencedirect.com/science/article/pii/S0169207020301552/pdfft?md5=24b20ab7252631537481ceb7b3af6695&pid=1-s2.0-S0169207020301552-main.pdf
,Joint prediction and time estimation of COVID-19 developing severe symptoms using chest CT scan,Xiaofeng Zhu,Medical Image Analysis,,2020,https://www.sciencedirect.com/science/article/pii/S1361841520301882/pdfft?md5=8514145ee8530f932c4c7566155f511d&pid=1-s2.0-S1361841520301882-main.pdf
,EPIsembleVis: A geo-visual analysis and comparison of the prediction ensembles of multiple COVID-19 models,Haowen Xu,Journal of Biomedical Informatics,,2021,https://www.sciencedirect.com/science/article/pii/S1532046421002707/pdfft?md5=15d6c6f93d6750d1c6325c455f325ed3&pid=1-s2.0-S1532046421002707-main.pdf
,TCT-63 North American COVID-19 Myocardial Infarction (NACMI) Risk Score for Prediction of In-Hospital Mortality,Payam Dehghani,Journal of the American College of Cardiology,,2021,https://www.sciencedirect.com/science/article/pii/S0735109721072442/pdfft?md5=68e85bdb5c9bce81ec29f457b33c060a&pid=1-s2.0-S0735109721072442-main.pdf
,Extent of lung involvement over severity of cardiac disease for the prediction of adverse outcome in COVID-19 patients with cardiovascular disease,Daniele Andreini,International Journal of Cardiology,,2020,https://www.sciencedirect.com/science/article/pii/S0167527320339152/pdfft?md5=56da999d8c5eb4cdfbcf7d10c556bf01&pid=1-s2.0-S0167527320339152-main.pdf
,Clinical features of COVID-19 mortality: development and validation of a clinical prediction model,Arjun S Yadaw,The Lancet Digital Health,,2020,https://www.sciencedirect.com/science/article/pii/S258975002030217X/pdfft?md5=51fe4d5d73871ffdbc7beb032e0a5316&pid=1-s2.0-S258975002030217X-main.pdf
,"AI-driven quantification, staging and outcome prediction of COVID-19 pneumonia",Guillaume Chassagnon,Medical Image Analysis,,2020,https://www.sciencedirect.com/science/article/pii/S1361841520302243/pdfft?md5=0041d5ca3ffe377ccc6ca15afe1d48e7&pid=1-s2.0-S1361841520302243-main.pdf
,"Prediction of survival odds in COVID-19 by zinc, age and selenoprotein P as composite biomarker",Raban Arved Heller,Redox Biology,,2020,https://www.sciencedirect.com/science/article/pii/S2213231720309691/pdfft?md5=c35fb1807ae53429a31dd15fd1d40d57&pid=1-s2.0-S2213231720309691-main.pdf
,Recurrent neural network based prediction of number of COVID-19 cases in India,K. Shyam Sunder Reddy,Materials Today: Proceedings,,2020,https://www.sciencedirect.com/science/article/pii/S221478532038723X/pdfft?md5=cfda3b8e6453e4217884864e0853c7bf&pid=1-s2.0-S221478532038723X-main.pdf
,Exponential-growth prediction bias and compliance with safety measures related to COVID-19,Ritwik Banerjee,Social Science & Medicine,,2020,https://www.sciencedirect.com/science/article/pii/S0277953620306924/pdfft?md5=b97b4f456b6411b130b39a06a9e7cb17&pid=1-s2.0-S0277953620306924-main.pdf
,Prediction-based analysis on power consumption gap under long-term emergency: A case in China under COVID-19,Liqiao Huang,Applied Energy,,2020,https://www.sciencedirect.com/science/article/pii/S0306261920317219/pdfft?md5=7e0bd9bd3c770bad2b3460b46aa3445f&pid=1-s2.0-S0306261920317219-main.pdf
,A hybrid multi-objective optimizer-based model for daily electricity demand prediction considering COVID-19,Hongfang Lu,Energy,,2020,https://www.sciencedirect.com/science/article/pii/S036054422032675X/pdfft?md5=ce51a3d50bc224375afdf337ddd12784&pid=1-s2.0-S036054422032675X-main.pdf
,Global reverberation and prediction for HRM amid and after COVID-19: A technological viewpoint,Sagaya Aurelia,Materials Today: Proceedings,,2020,https://www.sciencedirect.com/science/article/pii/S2214785320392130/pdfft?md5=f5356e078af93e03268c35d6218c8d89&pid=1-s2.0-S2214785320392130-main.pdf
,"Prediction on the number of confirmed Covid-19 with the FUDAN-CCDC mathematical model and its epidemiology, clinical manifestations, and prevention and treatment effects",Shimeng Xiao,Results in Physics,,2020,https://www.sciencedirect.com/science/article/pii/S2211379720320532/pdfft?md5=e09d3b90e533d7c5468e06c1a81a4ffc&pid=1-s2.0-S2211379720320532-main.pdf
,Improvement of the global prediction system of the COVID-19 pandemic based on the ensemble empirical mode decomposition (EEMD) and autoregressive moving average (ARMA) model in a hybrid approach 基于集合经验模态分解和自回归-移动平均模型的 COVID-19 流行病全球预测系统预测结果改进,Chuwei Liu,Atmospheric and Oceanic Science Letters,,2020,https://www.sciencedirect.com/science/article/pii/S1674283420300192/pdfft?md5=1c261d1c09e0f594c3722436bab6ca35&pid=1-s2.0-S1674283420300192-main.pdf
,Prediction of COVID-19 confirmed cases combining deep learning methods and Bayesian optimization,Hossein Abbasimehr,"Chaos, Solitons & Fractals",,2020,https://www.sciencedirect.com/science/article/pii/S0960077920309036/pdfft?md5=5f736211e55d794b1e9257f3b5aa1813&pid=1-s2.0-S0960077920309036-main.pdf
,COVID-19 cases prediction by using hybrid machine learning and beetle antennae search approach,Miodrag Zivkovic,Sustainable Cities and Society,,2020,https://www.sciencedirect.com/science/article/pii/S2210670720308842/pdfft?md5=22d69fea4774c8f49f3de17b3c2b95e7&pid=1-s2.0-S2210670720308842-main.pdf
,COVID-19 prediction using LSTM algorithm: GCC case study,Kareem Kamal A. Ghany,Informatics in Medicine Unlocked,,2021,https://www.sciencedirect.com/science/article/pii/S2352914821000563/pdfft?md5=206769930fcfe429b6c213eb3cabec40&pid=1-s2.0-S2352914821000563-main.pdf
,Evaluating the impact of mobility on COVID-19 pandemic with machine learning hybrid predictions,Cheng-Pin Kuo,Science of The Total Environment,,2020,https://www.sciencedirect.com/science/article/pii/S0048969720376828/pdfft?md5=51fa058ecc11f7729061d5350f7edb85&pid=1-s2.0-S0048969720376828-main.pdf
,Development and validation of a laboratory risk score for the early prediction of COVID-19 severity and in-hospital mortality,Salam Bennouar,Intensive and Critical Care Nursing,,2021,https://www.sciencedirect.com/science/article/pii/S096433972100001X/pdfft?md5=d8e76d494ae71ad19e72983c1995346d&pid=1-s2.0-S096433972100001X-main.pdf
,"Modeling and prediction of COVID-19 spread in the Philippines by October 13, 2020, by using the VARMAX time series method with preventive measures",Parikshit Gautam Jamdade,Results in Physics,,2020,https://www.sciencedirect.com/science/article/pii/S2211379720321136/pdfft?md5=d376ca691b0d0e9fad801288db5f8a60&pid=1-s2.0-S2211379720321136-main.pdf
,COVID-19 epidemic prediction and the impact of public health interventions: A review of COVID-19 epidemic models,Yue Xiang,Infectious Disease Modelling,,2021,https://www.sciencedirect.com/science/article/pii/S2468042721000038/pdfft?md5=f42d9cc0de1cb185bed34c66292edcfc&pid=1-s2.0-S2468042721000038-main.pdf
,On the reliability of predictions on Covid-19 dynamics: A systematic and critical review of modelling techniques,Janyce Eunice Gnanvi,Infectious Disease Modelling,,2021,https://www.sciencedirect.com/science/article/pii/S2468042720301123/pdfft?md5=27b733a81cb2cf6f2ceea8f68c813d62&pid=1-s2.0-S2468042720301123-main.pdf
,COVID-19 Time Series Prediction,Leonardo Sestrem de Oliveira,Procedia Computer Science,,2021,https://www.sciencedirect.com/science/article/pii/S1877050921002970/pdfft?md5=34849c28ec1bfab5a9ee0898ac12b94b&pid=1-s2.0-S1877050921002970-main.pdf
,A Comparison: Prediction of Death and Infected COVID-19 Cases in Indonesia Using Time Series Smoothing and LSTM Neural Network,Zulfany Erlisa Rasjid,Procedia Computer Science,,2021,https://www.sciencedirect.com/science/article/pii/S1877050921001368/pdfft?md5=9594fe10701885ac76c1c9c0ccaafad9&pid=1-s2.0-S1877050921001368-main.pdf
,The Prediction for COVID-19 Outbreak in China by using the Concept of Term Structure for the Turning Period,George X. Yuan,Procedia Computer Science,,2021,https://www.sciencedirect.com/science/article/pii/S1877050921008577/pdfft?md5=e55210cbc8f6fa997a22e372b65bb584&pid=1-s2.0-S1877050921008577-main.pdf
,A new model for epidemic prediction: COVID-19 in kingdom saudi arabia case study,Islam Abdalla Mohamed,Materials Today: Proceedings,,2021,https://www.sciencedirect.com/science/article/pii/S2214785321001115/pdfft?md5=4b1ed01e553fa7e75f2d95a63bef25c8&pid=1-s2.0-S2214785321001115-main.pdf
,Cellular Automata in Covid-19 prediction,Piotr Podolski,Procedia Computer Science,,2021,https://www.sciencedirect.com/science/article/pii/S1877050921018494/pdfft?md5=1cba25ff8b54eed0388e31ee4ad9b6e3&pid=1-s2.0-S1877050921018494-main.pdf
,Clarifying predictions for COVID-19 from testing data: The example of New York State,Quentin Griette,Infectious Disease Modelling,,2021,https://www.sciencedirect.com/science/article/pii/S2468042721000026/pdfft?md5=dc3e1a69370a81beca347c3f32bc92c2&pid=1-s2.0-S2468042721000026-main.pdf
,Prediction of COVID-19 - Pneumonia based on Selected Deep Features and One Class Kernel Extreme Learning Machine,Muhammad Attique Khan,Computers & Electrical Engineering,,2020,https://www.sciencedirect.com/science/article/pii/S0045790620308065/pdfft?md5=46de2c888556be05160ba605388235ec&pid=1-s2.0-S0045790620308065-main.pdf
,"Machine learning approaches in COVID-19 diagnosis, mortality, and severity risk prediction: A review",Norah Alballa,Informatics in Medicine Unlocked,,2021,https://www.sciencedirect.com/science/article/pii/S235291482100054X/pdfft?md5=3700fc48b9964503ab524d603dd0c229&pid=1-s2.0-S235291482100054X-main.pdf
,On an interval prediction of COVID-19 development based on a SEIR epidemic model,Denis Efimov,Annual Reviews in Control,,2021,https://www.sciencedirect.com/science/article/pii/S1367578821000067/pdfft?md5=12f2f1a95419252c76abe14a593e5767&pid=1-s2.0-S1367578821000067-main.pdf
,Prediction modelling of COVID using machine learning methods from B-cell dataset,Nikita Jain,Results in Physics,,2021,https://www.sciencedirect.com/science/article/pii/S2211379721000012/pdfft?md5=8dd6d628398a41d660e209336d677034&pid=1-s2.0-S2211379721000012-main.pdf
,"On the prediction of isolation, release, and decease states for COVID-19 patients: A case study in South Korea",Tarik Alafif,ISA Transactions,,2021,https://www.sciencedirect.com/science/article/pii/S0019057820305723/pdfft?md5=46c931d51f1703ff7fc3d1135fe3745f&pid=1-s2.0-S0019057820305723-main.pdf
,Surveillance of Wastewater for Early Epidemic Prediction (SWEEP): Environmental and health security perspectives in the post COVID-19 Anthropocene,Satya Brat Tiwari,Environmental Research,,2021,https://www.sciencedirect.com/science/article/pii/S0013935121001250/pdfft?md5=ccdfd84e83ceeb1ecc595e5063179ad4&pid=1-s2.0-S0013935121001250-main.pdf
,Prediction and mathematical analysis of the outbreak of coronavirus (COVID-19) in Bangladesh,Pabel Shahrear,Results in Applied Mathematics,,2021,https://www.sciencedirect.com/science/article/pii/S2590037421000054/pdfft?md5=2de01e35f4d01b59546d88b1f1702d8f&pid=1-s2.0-S2590037421000054-main.pdf
,Analysis and prediction of COVID-19 epidemic in South Africa,Wei Ding,ISA Transactions,,2021,https://www.sciencedirect.com/science/article/pii/S0019057821000604/pdfft?md5=c367eff281dedd52c5186c88a7f5e1be&pid=1-s2.0-S0019057821000604-main.pdf
,POSA393 Online Risk Calculator Using Machine Learning for Prediction of Survival After Hospital Discharge from COVID-19 Infection,JP Reis Neto,Value in Health,,2022,https://www.sciencedirect.com/science/article/pii/S109830152103014X/pdfft?md5=86fa2386a9c674b63f79a4080b123895&pid=1-s2.0-S109830152103014X-main.pdf
,Interferon-γ-induced protein 10 (IP-10) and serum amyloid A (SAA) are excellent biomarkers for the prediction of COVID-19 progression and severity,Riham Abdel-Hamid Haroun,Life Sciences,,2021,https://www.sciencedirect.com/science/article/pii/S0024320521000047/pdfft?md5=2c014e540ec4ab2bd2e9e54b7e03748e&pid=1-s2.0-S0024320521000047-main.pdf
,An epidemic prediction from analysis of a combined HIV-COVID-19 co-infection model via ABC-fractional operator,Idris Ahmed,Alexandria Engineering,,2021,https://www.sciencedirect.com/science/article/pii/S1110016821000454/pdfft?md5=fbf923e5f8bf0e101eb3a610f451d09e&pid=1-s2.0-S1110016821000454-main.pdf
,Prospective prediction of PTSD and depressive symptoms during social unrest and COVID-19 using a brief online tool,Stephanie MY Wong,Psychiatry Research,,2021,https://www.sciencedirect.com/science/article/pii/S0165178121000706/pdfft?md5=bf19cc0f079bf2e7eb93dd6f59ee3431&pid=1-s2.0-S0165178121000706-main.pdf
,COVID-19 information contact and participation analysis and dynamic prediction in the Chinese Sina-microblog,Fulian Yin,Physica A: Statistical Mechanics and its Applications,,2021,https://www.sciencedirect.com/science/article/pii/S0378437121000601/pdfft?md5=2f53b7dff46eb065041db73ab685df32&pid=1-s2.0-S0378437121000601-main.pdf
,"Immunoinformatics prediction of overlapping CD8+ T-cell, IFN-γ and IL-4 inducer CD4+ T-cell and linear B-cell epitopes based vaccines against COVID-19 (SARS-CoV-2)",Abiodun J. Fatoba,Vaccine,,2021,https://www.sciencedirect.com/science/article/pii/S0264410X21000037/pdfft?md5=aa81a874a596a437bb6091b64cb71c6d&pid=1-s2.0-S0264410X21000037-main.pdf
,A useful and sensitive marker in the prediction of COVID-19 and disease severity: Thiol,Ayse Kaya Kalem,Free Radical Biology and Medicine,,2021,https://www.sciencedirect.com/science/article/pii/S0891584921000824/pdfft?md5=5104e893e2ef74534239a32699f7bc3e&pid=1-s2.0-S0891584921000824-main.pdf
,Volatility spillover between economic sectors in financial crisis prediction: Evidence spanning the great financial crisis and Covid-19 pandemic,Research in International Business and Finance,Research in International Business and Finance,,2021,https://www.sciencedirect.com/science/article/abs/pii/S0275531921000234
,Recalibration of Acute Physiology and Chronic Health Evaluation II (APACHE II) for mortality prediction in an adult intensive care population to include novel COVID pneumonia diagnostic category,R. A. S. Campbell,British Journal of Anaesthesia,,2022,https://www.sciencedirect.com/science/article/abs/pii/S0007091221007133
,Early prediction of severity in coronavirus disease (COVID-19) using quantitative CT imaging,Kunwei Li,Clinical Imaging,,2021,https://www.sciencedirect.com/science/article/pii/S0899707121000590/pdfft?md5=c58e6aeb64cd34436d8081f035eab49d&pid=1-s2.0-S0899707121000590-main.pdf
,Evaluation of serum ferritin for prediction of severity and mortality in COVID-19- A cross sectional study,Sibtain Ahmed,Annals of Medicine and Surgery,,2021,https://www.sciencedirect.com/science/article/pii/S204908012100114X/pdfft?md5=223aa78881d591ff3fa77e64ab232f3b&pid=1-s2.0-S204908012100114X-main.pdf
,Artificial Intelligence-Based Prediction of Covid-19 Severity on the Results of Protein Profiling,Şeyma Yaşar,Computer Methods and Programs in Biomedicine,,2021,https://www.sciencedirect.com/science/article/pii/S0169260721000717/pdfft?md5=57c4a9026e7f51c916a93ce5032c7e4f&pid=1-s2.0-S0169260721000717-main.pdf
,Reservoir hosts prediction for COVID-19 by hybrid transfer learning model,Yun Yang,Journal of Biomedical Informatics,,2021,https://www.sciencedirect.com/science/article/pii/S1532046421000654/pdfft?md5=b646bc1abf284fe07147359a2a9cd963&pid=1-s2.0-S1532046421000654-main.pdf
,Evaluating the Traditional Chinese Medicine (TCM) Officially Recommended in China for COVID-19 Using Ontology-Based Side-Effect Prediction Framework (OSPF) and Deep Learning,Zeheng Wang,Journal of Ethnopharmacology,,2021,https://www.sciencedirect.com/science/article/pii/S0378874121001835/pdfft?md5=0e713b174159930b614ba2fd6a91c730&pid=1-s2.0-S0378874121001835-main.pdf
,IL-6–based mortality prediction model for COVID-19: Validation and update in multicenter and second wave cohorts,Alberto Utrero-Rico,Journal of Allergy and Clinical Immunology,,2021,https://www.sciencedirect.com/science/article/pii/S0091674921003432/pdfft?md5=9dd18b878c8fac73419f90d0de77268d&pid=1-s2.0-S0091674921003432-main.pdf
,An integrated autoencoder-based hybrid CNN-LSTM model for COVID-19 severity prediction from lung ultrasound,Ankan Ghosh Dastider,Computers in Biology and Medicine,,2021,https://www.sciencedirect.com/science/article/pii/S0010482521000901/pdfft?md5=bd4a4506811df6ec3f80dd10dbb30386&pid=1-s2.0-S0010482521000901-main.pdf
,Fractional mathematical modeling for epidemic prediction of COVID-19 in Egypt,W. E. Raslan,Ain Shams Engineering Journal,,2021,https://www.sciencedirect.com/science/article/pii/S2090447921000502/pdfft?md5=eca0656cd64eb7609e5b9a7624d5b61b&pid=1-s2.0-S2090447921000502-main.pdf
,Early prediction keys for COVID-19 cases progression: A meta-analysis,Mostafa M. Khodeir,Journal of Infection and Public Health,,2021,https://www.sciencedirect.com/science/article/pii/S1876034121000587/pdfft?md5=33583e0e95d446f9011882ca9c074840&pid=1-s2.0-S1876034121000587-main.pdf
,Mediative fuzzy logic mathematical model: A contradictory management prediction in COVID-19 pandemic,M. K. Sharma,Applied Soft Computing,,2021,https://www.sciencedirect.com/science/article/pii/S1568494621002088/pdfft?md5=da61312d6c7239ef0737b2f2c5508f5a&pid=1-s2.0-S1568494621002088-main.pdf
,"Corrigendum to “Machine Learning Based Prediction of COVID-19 Mortality Suggests Repositioning of Anticancer Drug for Treating Severe Cases”[Artificial Intelligence in Life Sciences] 1(2021), 100020",Thomas Linden,Artificial Intelligence in the Life Science,,2022,https://www.sciencedirect.com/science/article/pii/S2667318522000034/pdfft?md5=2832e61e74bd3d26dbce46e010e126a5&pid=1-s2.0-S2667318522000034-main.pdf
,Short-term predictions and prevention strategies for COVID-19: A model-based study,Sk Shahid Nadim,Applied Mathematics and Computation,,2021,https://www.sciencedirect.com/science/article/pii/S0096300321003416/pdfft?md5=0e52ebe8d39c02bddd342312cdb70447&pid=1-s2.0-S0096300321003416-main.pdf
,Simulation and prediction of spread of COVID-19 in The Republic of Serbia by SEAIHRDS model of disease transmission,Slavoljub Stanojevic,Microbial Risk Analysis,,2021,https://www.sciencedirect.com/science/article/pii/S2352352221000037/pdfft?md5=a8d1bed95b36483e5ff83b715c3269ad&pid=1-s2.0-S2352352221000037-main.pdf
,Maximum likelihood-based extended Kalman filter for COVID-19 prediction,Jialu Song,"Chaos, Solitons & Fractals",,2021,https://www.sciencedirect.com/science/article/pii/S0960077921002769/pdfft?md5=17ebe1348042ede96a7d6dc16592eef7&pid=1-s2.0-S0960077921002769-main.pdf
,Identifying the predictors of Covid-19 infection outcomes and development of prediction models,Rashid M. Ansari,Journal of Infection and Public Health,,2021,https://www.sciencedirect.com/science/article/pii/S187603412100071X/pdfft?md5=f32ecdfb45fdf3324606e4536a37afe8&pid=1-s2.0-S187603412100071X-main.pdf
,The COVID-19 (SARS-CoV-2) uncertainty tripod in Brazil: Assessments on model-based predictions with large under-reporting,Saulo B. Bastos,Alexandria Engineering Journal,,2021,https://www.sciencedirect.com/science/article/pii/S1110016821001599/pdfft?md5=ae45b6686a3410c913b153a342470576&pid=1-s2.0-S1110016821001599-main.pdf
,"Prediction of Symptomatic Venous Thromboembolism in Covid-19 Patients: A Retrospective Comparison of Caprini, Padua, and IMPROVE-DD Scores",Kirill Lobastov,Journal of Vascular Surgery: Venous and Lymphatic Disorders,,2022,https://www.sciencedirect.com/science/article/pii/S2213333X21006661/pdfft?md5=977896bf9bd078fed4a7a89328bf223f&pid=1-s2.0-S2213333X21006661-main.pdf
,PREDICTION OF HOSPITALIZATION AND ICU ADMISSION FOR ONTARIO COVID-19 PATIENTS WITH CARDIAC COMORBIDITIES,Abigail Kearney,Journal of the American College of Cardiology,,2022,https://www.sciencedirect.com/science/article/pii/S0735109722028340/pdfft?md5=0d9495f8eb64410493979fc909a9fe3f&pid=1-s2.0-S0735109722028340-main.pdf
,CoV2-Detect-Net: Design of COVID-19 prediction model based on hybrid DE-PSO with SVM using chest X-ray images,Abhishek Dixit,Information Sciences,,2021,https://www.sciencedirect.com/science/article/pii/S0020025521003133/pdfft?md5=e96a98aa8e61c3c9cf8a3cffc56b529f&pid=1-s2.0-S0020025521003133-main.pdf
,Gradient-based grey wolf optimizer with Gaussian walk: Application in modelling and prediction of the COVID-19 pandemic,Soheyl Khalilpourazari,Expert Systems with Applications,,2021,https://www.sciencedirect.com/science/article/pii/S0957417421003614/pdfft?md5=faa9c504e8bcfd44a82def96fe0c5258&pid=1-s2.0-S0957417421003614-main.pdf
,Prediction of hospital-onset COVID-19 using networks of patient contact: an observational study,A. Myall,International Journal of Infectious Diseases,,2021,https://www.sciencedirect.com/science/article/pii/S1201971221011504/pdfft?md5=09f5737693a454bd68e60f24d8413cff&pid=1-s2.0-S1201971221011504-main.pdf
,Diagnostic prediction of COVID-19 based on clinical and radiological findings in a relatively low COVID-19 prevalence area,Yosuke Amano,Respiratory Investigation,,2021,https://www.sciencedirect.com/science/article/pii/S2212534521000459/pdfft?md5=4587f30b3ee7a0b4a0f6a7e5556424d6&pid=1-s2.0-S2212534521000459-main.pdf
,External validation and update of prediction models for unfavorable outcomes in hospitalized patients with COVID-19 in Japan,Gen Yamada,Journal of Infection and Chemotherapy,,2021,https://www.sciencedirect.com/science/article/pii/S1341321X2100115X/pdfft?md5=c49bd43922f4e392ee21c9c8d36d41d2&pid=1-s2.0-S1341321X2100115X-main.pdf
,Prediction of COVID-19 growth and trend using machine learning approach,E. Gothai,Materials Today: Proceedings,,2021,https://www.sciencedirect.com/science/article/pii/S2214785321029059/pdfft?md5=facd6f645a306b506f4c9070e126b5eb&pid=1-s2.0-S2214785321029059-main.pdf
,On sparse ensemble methods: An application to short-term predictions of the evolution of COVID-19,Sandra Benítez-Peña,European Journal of Operational Research,,2021,https://www.sciencedirect.com/science/article/pii/S0377221721003283/pdfft?md5=605d70fd33426841b51c006bbe421422&pid=1-s2.0-S0377221721003283-main.pdf
,Modified SIRD Model for COVID-19 Spread Prediction for Northern and Southern States of India,Sakshi Shringi,"Chaos, Solitons & Fractals",,2021,https://www.sciencedirect.com/science/article/pii/S0960077921003933/pdfft?md5=b6d44b8c9dd1cce3e7626fbbcca5d739&pid=1-s2.0-S0960077921003933-main.pdf
,"Robust prediction of mortality of COVID-19 patients based on quantitative, operator-independent, lung CT densitometry",Martina Mori,Physica Medica,,2021,https://www.sciencedirect.com/science/article/pii/S1120179721001794/pdfft?md5=e55954fffffdcdbc231a02893605215f&pid=1-s2.0-S1120179721001794-main.pdf
,Machine learning models for the prediction of the SEIRD variables for the COVID-19 pandemic based on a deep dependence analysis of variables,Yullis Quintero,Computers in Biology and Medicine,,2021,https://www.sciencedirect.com/science/article/pii/S0010482521002948/pdfft?md5=8530edc5e175f408560a60aaa8f5d505&pid=1-s2.0-S0010482521002948-main.pdf
,SNS Big Data Analysis Framework for COVID-19 Outbreak Prediction in Smart Healthy City,Abir EL Azzaoui,Sustainable Cities and Society,,2021,https://www.sciencedirect.com/science/article/pii/S2210670721002791/pdfft?md5=60f6db958093fbe3743344873a6a87a6&pid=1-s2.0-S2210670721002791-main.pdf
,Steady state Kalman filter design for cases and deaths prediction of Covid-19 in Greece,N. Assimakis,Results in Physics,,2021,https://www.sciencedirect.com/science/article/pii/S2211379721005131/pdfft?md5=c80a0834029adc33d514fe9f3d55bc27&pid=1-s2.0-S2211379721005131-main.pdf
,Incident atrial fibrillation and its risk prediction in patients developing COVID-19: A machine learning based algorithm approach,Gregory Y. H. Lip,European Journal of Internal Medicine,,2021,https://www.sciencedirect.com/science/article/pii/S0953620521001461/pdfft?md5=fbc4644d3c7d03b476ae8e8a97da457e&pid=1-s2.0-S0953620521001461-main.pdf
,Diagnosis and prediction of COVID-19 severity: can biochemical tests and machine learning be used as prognostic indicators?,Alexandre de Fátima Cobre,Computers in Biology and Medicine,,2021,https://www.sciencedirect.com/science/article/pii/S0010482521003255/pdfft?md5=f1ad4b9d820bb818b9dd2669a35f1488&pid=1-s2.0-S0010482521003255-main.pdf
,Bi-Level Prediction Model for Screening COVID-19 Patients Using Chest X-Ray Images,Soham Das,Big Data Research,,2021,https://www.sciencedirect.com/science/article/pii/S2214579621000502/pdfft?md5=63e16a55b11b44db558ea48500584036&pid=1-s2.0-S2214579621000502-main.pdf
,Personalized Prediction of Hospital Mortality in COVID-19–Positive Patients,Daniel Rozenbaum,"Mayo Clinic Proceedings: Innovations, Quality & Outcomes",,2021,https://www.sciencedirect.com/science/article/pii/S2542454821000680/pdfft?md5=2f83827cce8ff3e507c3efb6c8bae1a0&pid=1-s2.0-S2542454821000680-main.pdf
,"Modeling, analysis and prediction of new variants of covid-19 and dengue co-infection on complex network",Attiq ul Rehman,"Chaos, Solitons & Fractals",,2021,https://www.sciencedirect.com/science/article/pii/S0960077921003623/pdfft?md5=8c14cae7d15f0f4419efbcedb1e07eb1&pid=1-s2.0-S0960077921003623-main.pdf
,"PM2.5 concentration prediction during COVID-19 lockdown over Kolkata metropolitan city, India using MLR and ANN models",Biswajit Bera,Environmental Challenges,,2021,https://www.sciencedirect.com/science/article/pii/S2667010021001347/pdfft?md5=8e31743ea320a6f865724c5bcfaeff2e&pid=1-s2.0-S2667010021001347-main.pdf
,Development and Validation of a Web-Based Severe COVID-19 Risk Prediction Model,Sang H. Woo,The American Journal of the Medical Sciences,,2021,https://www.sciencedirect.com/science/article/pii/S0002962921001129/pdfft?md5=09735ea1aca96909c9d19d756dd31f6b&pid=1-s2.0-S0002962921001129-main.pdf
,An external validation of the QCovid risk prediction algorithm for risk of mortality from COVID-19 in adults: a national validation cohort study in England,Vahé Nafilyan,The Lancet Digital Health,,2021,https://www.sciencedirect.com/science/article/pii/S2589750021000807/pdfft?md5=cf27a89d5edb02cb533eadaf5c059d50&pid=1-s2.0-S2589750021000807-main.pdf
,The interplay of stress and electrocortical reactivity to reward in the prospective prediction of depression symptoms during COVID-19,Cope Feurer,Journal of Psychiatric Research,,2021,https://www.sciencedirect.com/science/article/pii/S0022395621003034/pdfft?md5=45cb8b61107b3586fd2f266205aa5ad3&pid=1-s2.0-S0022395621003034-main.pdf
,Time-variant reliability-based prediction of COVID-19 spread using extended SEIVR model and Monte Carlo sampling,Mahdi Shadabfar,Results in Physics,,2021,https://www.sciencedirect.com/science/article/pii/S2211379721004897/pdfft?md5=f381b0756fc55be137d459452aec7dc1&pid=1-s2.0-S2211379721004897-main.pdf
,Short-term prediction of COVID-19 spread using grey rolling model optimized by particle swarm optimization,Zeynep Ceylan,Applied Soft Computing,,2021,https://www.sciencedirect.com/science/article/pii/S1568494621005135/pdfft?md5=b915be6ff8c8263403fbac74a0553f5c&pid=1-s2.0-S1568494621005135-main.pdf
,Risk factors and prediction nomogram model for psychosocial and behavioural problems among children and adolescents during the COVID-19 pandemic: A national multicentre study: Risk Factors of Childhood Psychosocial Problems,Lin Wang,Journal of Affective Disorders,,2022,https://www.sciencedirect.com/science/article/pii/S0165032721006637/pdfft?md5=428523e580f92eaf2b75a876a99cda27&pid=1-s2.0-S0165032721006637-main.pdf
,Prédiction de la survie à 90 jours des patients atteints de COVID-19 hospitalisés en réanimation : Survival Of Severely Ill COVID (SOSIC) scores,D. David Hajage,Revue d'Épidémiologie et de Santé Publique,,2022,https://www.sciencedirect.com/science/article/pii/S039876202200178X/pdfft?md5=156ed46b662a093554d5a29ab22419fb&pid=1-s2.0-S039876202200178X-main.pdf
,"Comparison of IMPROVE, modified IMPROVE, IMPROVEDD, Padua and CHA2DS2-VASC risk scores for venous and arterial thrombotic events prediction in hospitalized COVID-19 patients",Marko Lucijanic,Thrombosis Research,,2022,https://www.sciencedirect.com/science/article/pii/S0049384822001402/pdfft?md5=45e265d5a0aaef0b098cbc1232a0c4ca&pid=1-s2.0-S0049384822001402-main.pdf
,Real-time prediction of COVID-19 patients health situations using Artificial Neural Networks and Fuzzy Interval Mathematical modeling,Mohamed Ali Elleuch,Applied Soft Computing,,2021,https://www.sciencedirect.com/science/article/pii/S1568494621005640/pdfft?md5=456ba39395fa93346b331c25e1969176&pid=1-s2.0-S1568494621005640-main.pdf
,Prediction model for the spread of the COVID-19 outbreak in the global environment,Ron S. Hirschprung,Heliyon,,2021,https://www.sciencedirect.com/science/article/pii/S240584402101519X/pdfft?md5=0feaeb5e5c21a2b8a4de38b1a3b8c209&pid=1-s2.0-S240584402101519X-main.pdf
,Outbreak prediction of COVID-19 using Recurrent neural network with Gated Recurrent Units,Sathish Natarajan,Materials Today: Proceedings,,2021,https://www.sciencedirect.com/science/article/pii/S2214785321051257/pdfft?md5=230974feb87e723063a4acdf0925c7f3&pid=1-s2.0-S2214785321051257-main.pdf
,Weakly unsupervised conditional generative adversarial network for image-based prognostic prediction for COVID-19 patients based on chest CT,Tomoki Uemura,Medical Image Analysis,,2021,https://www.sciencedirect.com/science/article/pii/S136184152100205X/pdfft?md5=eeb3c06dbf1d3858a8f7a915946213c2&pid=1-s2.0-S136184152100205X-main.pdf
,A novel hybrid fuzzy time series model for prediction of COVID-19 infected cases and deaths in India,Niteesh Kumar,ISA Transactions,,2021,https://www.sciencedirect.com/science/article/pii/S0019057821003700/pdfft?md5=0a57c61b5f95c761809a50c7636f94ff&pid=1-s2.0-S0019057821003700-main.pdf
,Clinical Utility of Biochemical Markers for the Prediction of COVID-19−Related Mortality in Kidney Transplant Recipients,Sophie Caillard,Kidney International Reports,,2021,https://www.sciencedirect.com/science/article/pii/S2468024921012948/pdfft?md5=672bb86ddc6e1f7a85bcbb31a3456e39&pid=1-s2.0-S2468024921012948-main.pdf
,Outbreak prediction of COVID-19 using Recurrent neural network with Gated Recurrent Units,Sathish Natarajan,Materials Today: Proceedings,,2021,https://www.sciencedirect.com/science/article/pii/S2214785321051257/pdfft?md5=230974feb87e723063a4acdf0925c7f3&pid=1-s2.0-S2214785321051257-main.pdf
,On the accuracy of ARIMA based prediction of COVID-19 spread,Haneen Alabdulrazzaq,Results in Physics,,2021,https://www.sciencedirect.com/science/article/pii/S2211379721006197/pdfft?md5=26727264070d592469607ce68e12446c&pid=1-s2.0-S2211379721006197-main.pdf
,Intelligent predictions of Covid disease based on lung CT images using machine learning strategy,B. Prabha,Materials Today: Proceedings,,2021,https://www.sciencedirect.com/science/article/pii/S2214785321052317
,Prediction of generalized anxiety levels during the Covid-19 pandemic: A machine learning-based modeling approach,Faisal Mashel Albagmi,Informatics in Medicine,,2022,https://www.sciencedirect.com/science/article/pii/S2352914822000089/pdfft?md5=ee5092ddbbb75476117080cd1a6cb532&pid=1-s2.0-S2352914822000089-main.pdf
,A new COVID-19 intubation prediction strategy using an intelligent feature selection and K-NN method,Zahra Asghari Varzaneh,Informatics in Medicine,,2022,https://www.sciencedirect.com/science/article/pii/S2352914821002884/pdfft?md5=7043898c7ff0f0a9a316467c4d16d717&pid=1-s2.0-S2352914821002884-main.pdf
,Supervised learning of COVID-19 patients' characteristics to discover symptom patterns and improve patient outcome prediction,Sadegh Ilbeigipour,Informatics in Medicine,,2022,https://www.sciencedirect.com/science/article/pii/S2352914822000818/pdfft?md5=ae65e38eb01b41d1547317ef165a9c4e&pid=1-s2.0-S2352914822000818-main.pdf
,Prediction of COVID-19 Infected Population for Indian States through a State Interaction Network-based SEIR Epidemic Model,Piklu Mallick,IFAC-Papers,,2022,https://www.sciencedirect.com/science/article/pii/S2405896322001136/pdfft?md5=f8e753ea720a493819cb69016ca839af&pid=1-s2.0-S2405896322001136-main.pdf
,Central hubs prediction for bio networks by directed hypergraph - GA with validation to COVID-19 PPI,Sathyanarayanan Gopalakrishnan,Pattern Recognition Letters,,2021,https://www.sciencedirect.com/science/article/pii/S0167865521004463/pdfft?md5=46b9280efe2742fc31431e4935c001b8&pid=1-s2.0-S0167865521004463-main.pdf
,Sensitivity Analysis by the PROMETHEE-GAIA method: Algorithms evaluation for COVID-19 prediction,Miguel Ângelo Lellis Moreira,Procedia Computer Science,,2022,https://www.sciencedirect.com/science/article/pii/S1877050922000527/pdfft?md5=b678339aabaef32f58aec1c91f209c16&pid=1-s2.0-S1877050922000527-main.pdf
,Improving PM2.5 predictions during COVID-19 lockdown by assimilating multi-source observations and adjusting emissions,Liuzhu Chen,Environmental Pollution,,2021,https://www.sciencedirect.com/science/article/pii/S0269749121023654/pdfft?md5=f6310b0847cc9f5bce87efa388f665de&pid=1-s2.0-S0269749121023654-main.pdf
,Self-correcting error-based prediction model for the COVID-19 pandemic and analysis of economic impacts,Xuan Tang,Sustainable Cities and Society,,2021,https://www.sciencedirect.com/science/article/abs/pii/S2210670721004972
,Forecasting seasonal electricity generation in European countries under Covid-19-induced lockdown using fractional grey prediction models and machine learning methods,Utkucan Şahin,Applied Energy,,2021,https://www.sciencedirect.com/science/article/abs/pii/S0306261921009181
,Implementation of stacking based ARIMA model for prediction of Covid-19 cases in India,Aman Swaraj,Journal of Biomedical Informatics,,2021,https://www.sciencedirect.com/science/article/pii/S1532046421002161/pdfft?md5=03b7a7d4173465931a8d913b01db2002&pid=1-s2.0-S1532046421002161-main.pdf
,Intelligent computing on time-series data analysis and prediction of COVID-19 pandemics,Sujata Dash,Pattern Recognition Letters,,2021,https://www.sciencedirect.com/science/article/pii/S0167865521002762/pdfft?md5=e9daecfc76b4430e76d5ea4e8b2b9b11&pid=1-s2.0-S0167865521002762-main.pdf
,COVID-19 prediction through X-ray images using transfer learning-based hybrid deep learning approach,Mohit Kumar,Materials Today: Proceedings,,2021,https://www.sciencedirect.com/science/article/pii/S2214785321078470/pdfft?md5=303619053db55be9e86eff97c691bc15&pid=1-s2.0-S2214785321078470-main.pdf
,One Shot Model For The Prediction of COVID-19 And Lesions Segmentation In Chest CT Scans Through The Affinity Among Lesion Mask Features,Aram Ter-Sarkisov,Applied Soft Computing,,2021,https://www.sciencedirect.com/science/article/pii/S1568494621010802/pdfft?md5=f2865945571fccf81035ff2d31bdd7d7&pid=1-s2.0-S1568494621010802-main.pdf
,Feature extraction with capsule network for the COVID-19 disease prediction though X-ray images,Pinesh Arvindbhai Darji,Materials Today: Proceedings,,2021,https://www.sciencedirect.com/science/article/pii/S2214785321075337/pdfft?md5=157be5ed758e0dcacec184ab0ed0ad51&pid=1-s2.0-S2214785321075337-main.pdf
,"Prediction of COVID Criticality Score with Laboratory, Clinical and CT Images using Hybrid Regression Models",Varalakshmi Perumal,Computer Methods and Programs in Biomedicine,,2021,https://www.sciencedirect.com/science/article/abs/pii/S0169260721004107
,Prediction and analysis of microRNAs involved in COVID-19 inflammatory processes associated with the NF-kB and JAK/STAT signaling pathways,Zeinab Amini-Farsani,International Immunopharmacology,,2021,https://www.sciencedirect.com/science/article/pii/S1567576921007074/pdfft?md5=73663b75aeeec3cf464e6ac5cc36f6d7&pid=1-s2.0-S1567576921007074-main.pdf
,"Prediction of highly vulnerable areas to COVID-19 outbreaks using spatial model: Case study of Cairo Governorate, Egypt",,The Egyptian Journal of Remote Sensing and Space Science,,2021,https://www.sciencedirect.com/science/article/pii/S1110982321000545/pdfft?md5=cadef8ec34b2d5784728141763401289&pid=1-s2.0-S1110982321000545-main.pdf
,Prediction of the number of COVID-19 confirmed cases based on K-means-LSTM,Shashank Reddy Vadyala,Array,,2021,https://www.sciencedirect.com/science/article/pii/S2590005621000333/pdfft?md5=e8370e10de437350ab0e916537ebfc5c&pid=1-s2.0-S2590005621000333-main.pdf
,Computer-aided prediction of inhibitors against STAT3 for managing COVID-19 associated cytokine storm,Anjali Dhall,Computers in Biology and Medicine,,2021,https://www.sciencedirect.com/science/article/pii/S0010482521005746/pdfft?md5=7735c134cf337626a89ced082354d88a&pid=1-s2.0-S0010482521005746-main.pdf
,"Prediction of mortality in COVID-19 through combing CT severity score with NEWS, qSOFA, or peripheral perfusion index",Gökhan Akdur,The American Journal of Emergency Medicine,,2021,https://www.sciencedirect.com/science/article/pii/S0735675721007191/pdfft?md5=b9a0d4360b780017e6a0dc7303bcc277&pid=1-s2.0-S0735675721007191-main.pdf
,Activity Measure for Post-Acute Care “6-Clicks” for the Prediction of Short-term Clinical Outcomes in Individuals Hospitalized With COVID-19: A Retrospective Cohort Study,Michael A. Tevald,Archives of Physical Medicine and Rehabilitation,,2021,https://www.sciencedirect.com/science/article/pii/S0003999321014155/pdfft?md5=4d71f51e6f24a12af66ee4b1b5f48967&pid=1-s2.0-S0003999321014155-main.pdf
,Prediction on transmission trajectory of COVID-19 based on particle swarm algorithm,Caichang Ding,Pattern Recognition Letters,,2021,https://www.sciencedirect.com/science/article/pii/S0167865521003184/pdfft?md5=1069864d53d9514f832f8f8c6f80c5c2&pid=1-s2.0-S0167865521003184-main.pdf
,SIRVD-DL: A COVID-19 deep learning prediction model based on time-dependent SIRVD,Zhifang Liao,Computers in Biology and Medicine1,,2021,https://www.sciencedirect.com/science/article/pii/S0010482521006624/pdfft?md5=9881033256f31944492c8820e9c00461&pid=1-s2.0-S0010482521006624-main.pdf
,COVID-19 prediction based on genome similarity of human SARS-CoV-2 and bat SARS-CoV-like coronavirus,Hilal Arslan,Computers & Industrial Engineering,,2021,https://www.sciencedirect.com/science/article/pii/S0360835221005702/pdfft?md5=8f9c8e91c7b9f4987986ad958bae5154&pid=1-s2.0-S0360835221005702-main.pdf
,COVID19-HPSMP: COVID-19 adopted Hybrid and Parallel deep information fusion framework for stock price movement prediction,Farnoush Ronaghi,Expert Systems with Applications,,2021,https://www.sciencedirect.com/science/article/pii/S0957417421012380/pdfft?md5=64d42837667fe16daec558c59e697aa5&pid=1-s2.0-S0957417421012380-main.pdf
,Development and Validation of a Multivariable Risk Prediction Model for COVID-19 Mortality in the Southern United States,Aashish Gupta,Mayo Clinic Proceedings,,2021,https://www.sciencedirect.com/science/article/pii/S0025619621006959/pdfft?md5=e808a4ffaa006fd73f1ae1144471d795&pid=1-s2.0-S0025619621006959-main.pdf
,An internally validated prediction model for critical COVID-19 infection and intensive care unit admission in symptomatic pregnant women,Erkan Kalafat,American Journal of Obstetrics and Gynecology,,2021,https://www.sciencedirect.com/science/article/pii/S0002937821010528/pdfft?md5=56159133ccb7e1644d9bbaa9195436db&pid=1-s2.0-S0002937821010528-main.pdf
,"Learning delay dynamics for multivariate stochastic processes, with application to the prediction of the growth rate of COVID-19 cases in the United States",Paromita Dubey,Journal of Mathematical Analysis and Applications,,2021,https://www.sciencedirect.com/science/article/pii/S0022247X21007563/pdfft?md5=b21c2c2613235074019132c169fd8b3e&pid=1-s2.0-S0022247X21007563-main.pdf
,A novel deep interval type-2 fuzzy LSTM (DIT2FLSTM) model applied to COVID-19 pandemic time-series prediction,Aref Safari,Journal of Biomedical Informatics,,2021,https://www.sciencedirect.com/science/article/pii/S1532046421002495/pdfft?md5=832c863d53dc661201399deb78358638&pid=1-s2.0-S1532046421002495-main.pdf
,Development of a scoring system for the prediction of in-hospital mortality among COVID-19 patients,Mohammad Haji Aghajani,Clinical Epidemiology and Global Health,,2021,https://www.sciencedirect.com/science/article/pii/S2213398421001792/pdfft?md5=87108f719e98c695ef38142fb4485b38&pid=1-s2.0-S2213398421001792-main.pdf
,Application of machine learning in the prediction of COVID-19 daily new cases: A scoping review,Soudeh Ghafouri-Fard,Heliyon,,2021,https://www.sciencedirect.com/science/article/pii/S2405844021022465/pdfft?md5=00194a2f25cb32717fe5a76071238518&pid=1-s2.0-S2405844021022465-main.pdf
,Machine Learning Based Prediction of COVID-19 Mortality Suggests Repositioning of Anticancer Drug for Treating Severe Cases,Thomas Linden,Artificial Intelligence in the Life Sciences,,2021,https://www.sciencedirect.com/science/article/pii/S2667318521000209/pdfft?md5=68bd9ddfe54d87ca89e32a4e2867b1bd&pid=1-s2.0-S2667318521000209-main.pdf
,Stress prediction using micro-EMA and machine learning during COVID-19 social isolation,Huining Li,Smart Health,,2021,https://www.sciencedirect.com/science/article/pii/S2352648321000581
,Office buildings occupancy analysis and prediction associated with the impact of the COVID-19 pandemic,Violeta Motuzienė,Sustainable Cities and Society,,2021,https://www.sciencedirect.com/science/article/pii/S2210670721008234
,iVaccine-Deep: Prediction of COVID-19 mRNA vaccine degradation using deep learning,Amgad Muneer,Journal of King Saud University - Computer and Information Sciences,,2021,https://www.sciencedirect.com/science/article/pii/S1319157821002871/pdfft?md5=42dad18f9f2dbe2949ba4c57fe5cc363&pid=1-s2.0-S1319157821002871-main.pdf
,"Review: Roles of human serum albumin in prediction, diagnoses and treatment of COVID-19",Gulam Rabbani,International Journal of Biological Macromolecules,,2021,https://www.sciencedirect.com/science/article/pii/S0141813021022546/pdfft?md5=3f07711dd69c9299c0c677395adfb184&pid=1-s2.0-S0141813021022546-main.pdf
,Weighted butterfly optimization algorithm with intuitionistic fuzzy Gaussian function based adaptive-neuro fuzzy inference system for covid-19 prediction,T. Sundaravadivel,Materials Today: Proceedings,,2021,https://www.sciencedirect.com/science/article/pii/S2214785321066578/pdfft?md5=6dc67c0e84c9c7c8a4ebf0a216e5fe33&pid=1-s2.0-S2214785321066578-main.pdf
,Contrastive learning improves critical event prediction in COVID-19 patients,Tingyi Wanyan,Patterns,,2021,https://www.sciencedirect.com/science/article/pii/S2666389921002567/pdfft?md5=cfed08c249e91ab2870214f4545d5232&pid=1-s2.0-S2666389921002567-main.pdf
,A new hybrid prediction model of cumulative COVID-19 confirmed data,Guohui Li,Process Safety and Environmental Protection,,2021,https://www.sciencedirect.com/science/article/pii/S0957582021005917/pdfft?md5=a0d211ab2cd20ad5c7a9a9a6e74a71d7&pid=1-s2.0-S0957582021005917-main.pdf
,Longitudinal validation of an electronic health record delirium prediction model applied at admission in COVID-19 patients,Victor M. Castro,General Hospital Psychiatry,,2021,https://www.sciencedirect.com/science/article/pii/S0163834321001456/pdfft?md5=6e63ff9b295e316ab1a03a95e3e2421d&pid=1-s2.0-S0163834321001456-main.pdf
,A Decision-Level Fusion Method for COVID-19 Patient Health Prediction,Abdu Gumaei,Big Data Research,,2021,https://www.sciencedirect.com/science/article/pii/S2214579621001040/pdfft?md5=f4dba5f9d5f732f8949d8051c9e81eca&pid=1-s2.0-S2214579621001040-main.pdf
,Individual outcome prediction models for patients with COVID-19 based on their first day of admission to the intensive care unit,Raúl Rigo-Bonnin,Clinical Biochemistry,,2021,https://www.sciencedirect.com/science/article/pii/S0009912021003003/pdfft?md5=031164346aba60dcf8191fdab44f0c04&pid=1-s2.0-S0009912021003003-main.pdf
,"Multivariate data driven prediction of COVID-19 dynamics: Towards new results with temperature, humidity and air quality data",Dunfrey P. Aragão,Environmental Research,,2021,https://www.sciencedirect.com/science/article/pii/S0013935121016492/pdfft?md5=b4fd913b32ab6b132457bc97b8191a70&pid=1-s2.0-S0013935121016492-main.pdf
,Anti-AT1R autoantibodies and prediction of the severity of Covid-19,Franco Papola,Human Immunology,,2021,https://www.sciencedirect.com/science/article/pii/S0198885921002512/pdfft?md5=76f0c4ebca38ccd2ad0d8b307def0802&pid=1-s2.0-S0198885921002512-main.pdf
,"Clinical features, risk factors and a prediction model for in-hospital mortality among diabetic patients infected with COVID-19: data from a referral centre in Iran",Maryam Kabootari,Public Health,,2021,https://www.sciencedirect.com/science/article/pii/S1532046421002847/pdfft?md5=cbf84cc41b36e115f6f9c92a7eaf3f00&pid=1-s2.0-S1532046421002847-main.pdf
,Automatic detection of COVID-19 vaccine misinformation with graph link prediction,Maxwell A. Weinzierl,Journal of Biomedical Informatics,,2021,https://www.sciencedirect.com/science/article/pii/S1532046421002847/pdfft?md5=cbf84cc41b36e115f6f9c92a7eaf3f00&pid=1-s2.0-S1532046421002847-main.pdf